-- phpMyAdmin SQL Dump
-- version 5.2.1
-- https://www.phpmyadmin.net/
--
-- Host: 127.0.0.1
-- Generation Time: Jul 17, 2025 at 07:31 PM
-- Server version: 10.4.32-MariaDB
-- PHP Version: 8.0.30

SET SQL_MODE = "NO_AUTO_VALUE_ON_ZERO";
START TRANSACTION;
SET time_zone = "+00:00";


/*!40101 SET @OLD_CHARACTER_SET_CLIENT=@@CHARACTER_SET_CLIENT */;
/*!40101 SET @OLD_CHARACTER_SET_RESULTS=@@CHARACTER_SET_RESULTS */;
/*!40101 SET @OLD_COLLATION_CONNECTION=@@COLLATION_CONNECTION */;
/*!40101 SET NAMES utf8mb4 */;

--
-- Database: `feedback_system`
--

-- --------------------------------------------------------

--
-- Table structure for table `admins`
--

CREATE TABLE `admins` (
  `id` int(11) NOT NULL,
  `username` varchar(50) NOT NULL,
  `password` varchar(255) NOT NULL,
  `email` varchar(100) NOT NULL,
  `full_name` varchar(100) NOT NULL,
  `is_super_admin` tinyint(1) DEFAULT 0,
  `is_active` tinyint(1) DEFAULT 1,
  `last_login` timestamp NULL DEFAULT NULL,
  `created_at` timestamp NOT NULL DEFAULT current_timestamp()
) ENGINE=InnoDB DEFAULT CHARSET=utf8mb4 COLLATE=utf8mb4_general_ci;

--
-- Dumping data for table `admins`
--

INSERT INTO `admins` (`id`, `username`, `password`, `email`, `full_name`, `is_super_admin`, `is_active`, `last_login`, `created_at`) VALUES
(1, 'admin', '$2y$10$pjJ8.X05dfSIeFTRz9Gb2OwGMcJNUf8LU.nm85ngv2cwjLlE72Xmy', 'admin@mgm.edu', 'Super Admin', 1, 1, '2025-06-25 07:55:21', '2025-06-02 04:05:53'),
(2, 'admin1', '$2y$10$eEE5GmnkAEd1tSJwAnXAL.Q3XcO4lnLQvUZ2QPtYo8lpu0PlA77iq', 'admin1@mgm.edu', 'Super Admin 1', 1, 1, '2025-07-17 17:10:20', '2025-06-18 06:30:00'),
(3, 'admin2', '$2y$10$27yycXQX7eWt0SeD5/cFMO4Wk29g5KiVTXmWruX9oE4emLt72e11W', 'admin3@mgm.edu', 'Super Admin 2', 1, 1, '2025-07-17 13:51:47', '2025-06-18 06:30:00');

-- --------------------------------------------------------

--
-- Table structure for table `admin_login_attempts`
--

CREATE TABLE `admin_login_attempts` (
  `id` int(11) NOT NULL,
  `username` varchar(50) NOT NULL,
  `ip_address` varchar(45) NOT NULL,
  `attempt_time` timestamp NOT NULL DEFAULT current_timestamp()
) ENGINE=InnoDB DEFAULT CHARSET=utf8mb4 COLLATE=utf8mb4_general_ci;

--
-- Dumping data for table `admin_login_attempts`
--

INSERT INTO `admin_login_attempts` (`id`, `username`, `ip_address`, `attempt_time`) VALUES
(1, 'admin', '::1', '2025-06-02 05:51:17'),
(2, 'admin', '::1', '2025-06-02 07:04:57'),
(3, 'admin', '::1', '2025-06-13 14:41:47'),
(4, 'admin', '::1', '2025-06-13 17:30:56'),
(5, 'admin', '::1', '2025-06-13 17:45:36'),
(6, 'admin', '::1', '2025-06-18 11:48:16'),
(7, 'admin', '::1', '2025-06-18 11:48:52'),
(8, 'admin', '::1', '2025-06-25 07:54:13'),
(9, 'admin', '::1', '2025-06-25 07:54:21'),
(11, 'admin', '::1', '2025-06-25 07:55:04'),
(20, 'admin', '::1', '2025-07-17 08:56:49'),
(21, 'Ram', '::1', '2025-07-17 08:57:01'),
(22, 'admin', '::1', '2025-07-17 08:57:17'),
(23, 'admin', '::1', '2025-07-17 08:57:31'),
(24, 'Admin', '::1', '2025-07-17 08:57:50'),
(25, 'admin', '::1', '2025-07-17 11:29:13'),
(26, 'Admin', '::1', '2025-07-17 11:29:28'),
(27, 'admin1', '::1', '2025-07-17 11:29:40'),
(28, 'admin1', '::1', '2025-07-17 11:33:56'),
(29, 'admin1', '::1', '2025-07-17 11:34:10'),
(30, 'manager', '::1', '2025-07-17 11:46:32'),
(31, 'manager123456', '::1', '2025-07-17 11:46:52'),
(32, 'admin2', '::1', '2025-07-17 11:55:07'),
(33, 'admin2', '::1', '2025-07-17 11:55:17'),
(34, 'admin3', '::1', '2025-07-17 11:55:34'),
(35, 'adimin2', '::1', '2025-07-17 12:06:19');

-- --------------------------------------------------------

--
-- Table structure for table `admin_login_logs`
--

CREATE TABLE `admin_login_logs` (
  `id` int(11) NOT NULL,
  `admin_id` int(11) NOT NULL,
  `ip_address` varchar(45) NOT NULL,
  `login_time` timestamp NOT NULL DEFAULT current_timestamp()
) ENGINE=InnoDB DEFAULT CHARSET=utf8mb4 COLLATE=utf8mb4_general_ci;

--
-- Dumping data for table `admin_login_logs`
--

INSERT INTO `admin_login_logs` (`id`, `admin_id`, `ip_address`, `login_time`) VALUES
(1, 1, '::1', '2025-06-02 04:12:21'),
(2, 1, '::1', '2025-06-02 04:32:12'),
(3, 1, '::1', '2025-06-02 04:42:22'),
(4, 1, '::1', '2025-06-02 04:50:35'),
(5, 1, '::1', '2025-06-02 05:27:31'),
(6, 1, '::1', '2025-06-02 05:42:26'),
(7, 1, '::1', '2025-06-02 05:42:52'),
(8, 1, '::1', '2025-06-02 05:44:24'),
(9, 1, '::1', '2025-06-02 05:48:28'),
(10, 1, '::1', '2025-06-02 05:51:24'),
(11, 1, '::1', '2025-06-02 05:52:03'),
(12, 1, '::1', '2025-06-02 05:54:33'),
(13, 1, '::1', '2025-06-02 05:55:31'),
(14, 1, '::1', '2025-06-02 05:59:00'),
(15, 1, '::1', '2025-06-02 06:04:33'),
(16, 1, '::1', '2025-06-02 06:39:10'),
(17, 1, '::1', '2025-06-02 06:50:01'),
(18, 1, '::1', '2025-06-02 06:53:34'),
(19, 1, '::1', '2025-06-02 07:05:05'),
(20, 1, '::1', '2025-06-13 04:53:15'),
(21, 1, '::1', '2025-06-13 05:03:58'),
(22, 1, '::1', '2025-06-13 05:06:36'),
(23, 1, '::1', '2025-06-13 06:03:31'),
(24, 1, '::1', '2025-06-13 06:13:24'),
(25, 1, '::1', '2025-06-13 06:44:36'),
(26, 1, '::1', '2025-06-13 14:18:14'),
(27, 1, '::1', '2025-06-13 14:41:56'),
(28, 1, '::1', '2025-06-13 16:10:12'),
(29, 1, '::1', '2025-06-13 16:14:33'),
(30, 1, '::1', '2025-06-13 16:23:56'),
(31, 1, '::1', '2025-06-13 16:30:52'),
(32, 1, '::1', '2025-06-13 16:34:44'),
(33, 1, '::1', '2025-06-13 16:40:45'),
(34, 1, '::1', '2025-06-13 16:48:01'),
(35, 1, '::1', '2025-06-13 17:03:08'),
(36, 1, '::1', '2025-06-13 17:17:19'),
(37, 1, '::1', '2025-06-13 17:31:08'),
(38, 1, '::1', '2025-06-13 17:35:18'),
(39, 1, '::1', '2025-06-13 17:45:43'),
(40, 1, '::1', '2025-06-13 18:06:07'),
(41, 1, '::1', '2025-06-13 18:14:33'),
(42, 1, '::1', '2025-06-13 18:29:46'),
(43, 1, '::1', '2025-06-14 01:54:13'),
(44, 1, '::1', '2025-06-14 02:03:52'),
(45, 1, '::1', '2025-06-14 02:10:37'),
(46, 1, '::1', '2025-06-18 11:48:22'),
(47, 1, '::1', '2025-06-18 11:48:58'),
(48, 1, '::1', '2025-06-18 11:52:11'),
(49, 1, '::1', '2025-06-25 07:55:21');

-- --------------------------------------------------------

--
-- Table structure for table `admin_users`
--

CREATE TABLE `admin_users` (
  `id` int(11) NOT NULL,
  `username` varchar(50) NOT NULL,
  `password` varchar(255) NOT NULL,
  `email` varchar(100) DEFAULT NULL,
  `full_name` varchar(100) DEFAULT NULL,
  `created_at` timestamp NOT NULL DEFAULT current_timestamp()
) ENGINE=InnoDB DEFAULT CHARSET=utf8mb4 COLLATE=utf8mb4_general_ci;

--
-- Dumping data for table `admin_users`
--

INSERT INTO `admin_users` (`id`, `username`, `password`, `email`, `full_name`, `created_at`) VALUES
(1, 'admin', '$2y$10$GvP6DRtiDAjOl29QlCQ7keHaDxsLaz5jl5KYz6Fg.TUL7ssr.8c9W', 'admin@mgm.edu', 'Administrator', '2025-06-01 13:01:39'),
(2, 'manager', '$2y$10$GvP6DRtiDAjOl29QlCQ7keHaDxsLaz5jl5KYz6Fg.TUL7ssr.8c9W', 'manager@mgm.edu', 'Feedback Manager', '2025-07-17 11:42:53'),
(3, 'moderator', '$2y$10$GvP6DRtiDAjOl29QlCQ7keHaDxsLaz5jl5KYz6Fg.TUL7ssr.8c9W', 'moderator@mgm.edu', 'Content Moderator', '2025-07-17 11:42:53');

-- --------------------------------------------------------

--
-- Table structure for table `classes`
--

CREATE TABLE `classes` (
  `id` int(11) NOT NULL,
  `class_name` varchar(100) NOT NULL,
  `department` varchar(100) DEFAULT NULL,
  `year_of_study` int(11) DEFAULT NULL,
  `semester` varchar(20) DEFAULT NULL,
  `academic_year` varchar(20) DEFAULT NULL,
  `created_at` timestamp NOT NULL DEFAULT current_timestamp()
) ENGINE=InnoDB DEFAULT CHARSET=utf8mb4 COLLATE=utf8mb4_general_ci;

--
-- Dumping data for table `classes`
--

INSERT INTO `classes` (`id`, `class_name`, `department`, `year_of_study`, `semester`, `academic_year`, `created_at`) VALUES
(9, 'TY CSE A', 'Computer Science', NULL, '6', '2024-25', '2025-06-13 06:41:07');

-- --------------------------------------------------------

--
-- Table structure for table `courses`
--

CREATE TABLE `courses` (
  `id` int(11) NOT NULL,
  `course_code` varchar(20) NOT NULL,
  `course_name` varchar(100) NOT NULL,
  `course_type` enum('theory','practical') NOT NULL,
  `semester` varchar(20) DEFAULT NULL,
  `department` varchar(100) DEFAULT NULL,
  `created_at` timestamp NOT NULL DEFAULT current_timestamp()
) ENGINE=InnoDB DEFAULT CHARSET=utf8mb4 COLLATE=utf8mb4_general_ci;

--
-- Dumping data for table `courses`
--

INSERT INTO `courses` (`id`, `course_code`, `course_name`, `course_type`, `semester`, `department`, `created_at`) VALUES
(19, 'CS1', 'Competative Programming', 'theory', '6', 'Computer Science', '2025-06-13 17:49:51'),
(20, 'CS1Lab', 'Competative Programming Lab', 'practical', '6', 'Computer Science', '2025-06-13 17:50:30'),
(21, 'CS2', 'Machine Learining', 'theory', '6', 'Computer Science', '2025-06-13 17:51:09'),
(22, 'CS2Lab', 'Machine Learining Lab', 'practical', '6', 'Computer Science', '2025-06-13 17:51:34'),
(23, 'CS3', 'Internet Of Things', 'theory', '6', 'Computer Science', '2025-06-13 17:52:06'),
(24, 'CS3Lab', 'Internet Of Things Lab', 'practical', '6', 'Computer Science', '2025-06-13 17:52:32'),
(25, 'CS4', 'Development Engineering', 'theory', '6', 'Computer Science', '2025-06-13 17:53:32'),
(26, 'CS5', 'Computer Network', 'theory', '6', 'Computer Science', '2025-06-13 17:53:59'),
(27, 'CS6', 'Compiler Design', 'theory', '6', 'Computer Science', '2025-06-13 17:55:27'),
(28, 'CS7Lab', 'Mini Project Lab', 'practical', '6', 'Computer Science', '2025-06-13 17:56:14');

-- --------------------------------------------------------

--
-- Table structure for table `course_teachers`
--

CREATE TABLE `course_teachers` (
  `id` int(11) NOT NULL,
  `course_id` int(11) NOT NULL,
  `teacher_id` int(11) NOT NULL,
  `created_at` timestamp NOT NULL DEFAULT current_timestamp()
) ENGINE=InnoDB DEFAULT CHARSET=utf8mb4 COLLATE=utf8mb4_general_ci;

--
-- Dumping data for table `course_teachers`
--

INSERT INTO `course_teachers` (`id`, `course_id`, `teacher_id`, `created_at`) VALUES
(10, 19, 13, '2025-06-13 17:49:51'),
(11, 20, 13, '2025-06-13 17:50:30'),
(13, 21, 16, '2025-06-13 17:51:09'),
(14, 22, 16, '2025-06-13 17:51:34'),
(15, 23, 17, '2025-06-13 17:52:06'),
(16, 24, 17, '2025-06-13 17:52:32'),
(19, 25, 18, '2025-06-13 17:53:32'),
(20, 26, 15, '2025-06-13 17:53:59'),
(21, 27, 12, '2025-06-13 17:55:27'),
(22, 28, 19, '2025-06-13 17:56:14');

-- --------------------------------------------------------

--
-- Table structure for table `feedback_ratings`
--

CREATE TABLE `feedback_ratings` (
  `id` int(11) NOT NULL,
  `submission_id` int(11) NOT NULL,
  `course_id` int(11) NOT NULL,
  `question_id` int(11) NOT NULL,
  `rating` int(11) NOT NULL CHECK (`rating` between 1 and 4),
  `created_at` timestamp NOT NULL DEFAULT current_timestamp()
) ENGINE=InnoDB DEFAULT CHARSET=utf8mb4 COLLATE=utf8mb4_general_ci;

--
-- Dumping data for table `feedback_ratings`
--

INSERT INTO `feedback_ratings` (`id`, `submission_id`, `course_id`, `question_id`, `rating`, `created_at`) VALUES
(484, 33, 19, 15, 4, '2025-06-14 02:10:27'),
(485, 33, 27, 15, 3, '2025-06-14 02:10:27'),
(486, 33, 26, 15, 4, '2025-06-14 02:10:27'),
(487, 33, 25, 15, 4, '2025-06-14 02:10:27'),
(488, 33, 23, 15, 4, '2025-06-14 02:10:27'),
(489, 33, 21, 15, 3, '2025-06-14 02:10:27'),
(490, 33, 19, 16, 3, '2025-06-14 02:10:27'),
(491, 33, 27, 16, 3, '2025-06-14 02:10:27'),
(492, 33, 26, 16, 3, '2025-06-14 02:10:27'),
(493, 33, 25, 16, 2, '2025-06-14 02:10:27'),
(494, 33, 23, 16, 4, '2025-06-14 02:10:27'),
(495, 33, 21, 16, 4, '2025-06-14 02:10:27'),
(496, 33, 19, 17, 4, '2025-06-14 02:10:27'),
(497, 33, 27, 17, 4, '2025-06-14 02:10:27'),
(498, 33, 26, 17, 4, '2025-06-14 02:10:27'),
(499, 33, 25, 17, 3, '2025-06-14 02:10:27'),
(500, 33, 23, 17, 4, '2025-06-14 02:10:27'),
(501, 33, 21, 17, 4, '2025-06-14 02:10:27'),
(502, 33, 19, 18, 4, '2025-06-14 02:10:27'),
(503, 33, 27, 18, 2, '2025-06-14 02:10:27'),
(504, 33, 26, 18, 4, '2025-06-14 02:10:27'),
(505, 33, 25, 18, 2, '2025-06-14 02:10:27'),
(506, 33, 23, 18, 3, '2025-06-14 02:10:27'),
(507, 33, 21, 18, 3, '2025-06-14 02:10:27'),
(508, 33, 19, 19, 3, '2025-06-14 02:10:27'),
(509, 33, 27, 19, 3, '2025-06-14 02:10:27'),
(510, 33, 26, 19, 2, '2025-06-14 02:10:27'),
(511, 33, 25, 19, 4, '2025-06-14 02:10:27'),
(512, 33, 23, 19, 4, '2025-06-14 02:10:27'),
(513, 33, 21, 19, 3, '2025-06-14 02:10:27'),
(514, 33, 19, 20, 4, '2025-06-14 02:10:27'),
(515, 33, 27, 20, 2, '2025-06-14 02:10:27'),
(516, 33, 26, 20, 1, '2025-06-14 02:10:27'),
(517, 33, 25, 20, 3, '2025-06-14 02:10:27'),
(518, 33, 23, 20, 3, '2025-06-14 02:10:27'),
(519, 33, 21, 20, 3, '2025-06-14 02:10:27'),
(520, 33, 19, 21, 4, '2025-06-14 02:10:27'),
(521, 33, 27, 21, 4, '2025-06-14 02:10:27'),
(522, 33, 26, 21, 4, '2025-06-14 02:10:27'),
(523, 33, 25, 21, 3, '2025-06-14 02:10:27'),
(524, 33, 23, 21, 3, '2025-06-14 02:10:27'),
(525, 33, 21, 21, 4, '2025-06-14 02:10:27'),
(526, 33, 19, 22, 4, '2025-06-14 02:10:27'),
(527, 33, 27, 22, 3, '2025-06-14 02:10:27'),
(528, 33, 26, 22, 4, '2025-06-14 02:10:27'),
(529, 33, 25, 22, 4, '2025-06-14 02:10:27'),
(530, 33, 23, 22, 2, '2025-06-14 02:10:27'),
(531, 33, 21, 22, 1, '2025-06-14 02:10:27'),
(532, 33, 19, 23, 4, '2025-06-14 02:10:27'),
(533, 33, 27, 23, 4, '2025-06-14 02:10:27'),
(534, 33, 26, 23, 4, '2025-06-14 02:10:27'),
(535, 33, 25, 23, 4, '2025-06-14 02:10:27'),
(536, 33, 23, 23, 4, '2025-06-14 02:10:27'),
(537, 33, 21, 23, 3, '2025-06-14 02:10:27'),
(538, 33, 19, 24, 2, '2025-06-14 02:10:27'),
(539, 33, 27, 24, 3, '2025-06-14 02:10:27'),
(540, 33, 26, 24, 3, '2025-06-14 02:10:27'),
(541, 33, 25, 24, 3, '2025-06-14 02:10:27'),
(542, 33, 23, 24, 4, '2025-06-14 02:10:27'),
(543, 33, 21, 24, 3, '2025-06-14 02:10:27'),
(544, 33, 19, 25, 3, '2025-06-14 02:10:27'),
(545, 33, 27, 25, 3, '2025-06-14 02:10:27'),
(546, 33, 26, 25, 3, '2025-06-14 02:10:27'),
(547, 33, 25, 25, 2, '2025-06-14 02:10:27'),
(548, 33, 23, 25, 3, '2025-06-14 02:10:27'),
(549, 33, 21, 25, 3, '2025-06-14 02:10:27'),
(550, 33, 19, 26, 3, '2025-06-14 02:10:27'),
(551, 33, 27, 26, 3, '2025-06-14 02:10:27'),
(552, 33, 26, 26, 3, '2025-06-14 02:10:27'),
(553, 33, 25, 26, 3, '2025-06-14 02:10:27'),
(554, 33, 23, 26, 4, '2025-06-14 02:10:27'),
(555, 33, 21, 26, 3, '2025-06-14 02:10:27'),
(556, 33, 19, 27, 3, '2025-06-14 02:10:27'),
(557, 33, 27, 27, 4, '2025-06-14 02:10:27'),
(558, 33, 26, 27, 3, '2025-06-14 02:10:27'),
(559, 33, 25, 27, 3, '2025-06-14 02:10:27'),
(560, 33, 23, 27, 3, '2025-06-14 02:10:27'),
(561, 33, 21, 27, 3, '2025-06-14 02:10:27'),
(562, 33, 19, 28, 4, '2025-06-14 02:10:27'),
(563, 33, 27, 28, 4, '2025-06-14 02:10:27'),
(564, 33, 26, 28, 3, '2025-06-14 02:10:27'),
(565, 33, 25, 28, 4, '2025-06-14 02:10:27'),
(566, 33, 23, 28, 4, '2025-06-14 02:10:27'),
(567, 33, 21, 28, 4, '2025-06-14 02:10:27'),
(568, 33, 19, 29, 3, '2025-06-14 02:10:27'),
(569, 33, 27, 29, 4, '2025-06-14 02:10:27'),
(570, 33, 26, 29, 4, '2025-06-14 02:10:27'),
(571, 33, 25, 29, 3, '2025-06-14 02:10:27'),
(572, 33, 23, 29, 3, '2025-06-14 02:10:27'),
(573, 33, 21, 29, 3, '2025-06-14 02:10:27'),
(574, 33, 19, 30, 4, '2025-06-14 02:10:27'),
(575, 33, 27, 30, 3, '2025-06-14 02:10:27'),
(576, 33, 26, 30, 3, '2025-06-14 02:10:27'),
(577, 33, 25, 30, 4, '2025-06-14 02:10:27'),
(578, 33, 23, 30, 4, '2025-06-14 02:10:27'),
(579, 33, 21, 30, 3, '2025-06-14 02:10:27'),
(580, 33, 20, 31, 2, '2025-06-14 02:10:27'),
(581, 33, 24, 31, 3, '2025-06-14 02:10:27'),
(582, 33, 22, 31, 2, '2025-06-14 02:10:27'),
(583, 33, 28, 31, 4, '2025-06-14 02:10:27'),
(584, 33, 20, 32, 4, '2025-06-14 02:10:27'),
(585, 33, 24, 32, 4, '2025-06-14 02:10:27'),
(586, 33, 22, 32, 4, '2025-06-14 02:10:27'),
(587, 33, 28, 32, 3, '2025-06-14 02:10:27'),
(588, 33, 20, 33, 3, '2025-06-14 02:10:27'),
(589, 33, 24, 33, 2, '2025-06-14 02:10:27'),
(590, 33, 22, 33, 2, '2025-06-14 02:10:27'),
(591, 33, 28, 33, 2, '2025-06-14 02:10:27'),
(592, 33, 20, 34, 3, '2025-06-14 02:10:27'),
(593, 33, 24, 34, 4, '2025-06-14 02:10:27'),
(594, 33, 22, 34, 3, '2025-06-14 02:10:27'),
(595, 33, 28, 34, 4, '2025-06-14 02:10:27'),
(596, 33, 20, 35, 3, '2025-06-14 02:10:27'),
(597, 33, 24, 35, 2, '2025-06-14 02:10:27'),
(598, 33, 22, 35, 4, '2025-06-14 02:10:27'),
(599, 33, 28, 35, 2, '2025-06-14 02:10:27'),
(600, 33, 20, 36, 3, '2025-06-14 02:10:27'),
(601, 33, 24, 36, 3, '2025-06-14 02:10:27'),
(602, 33, 22, 36, 3, '2025-06-14 02:10:27'),
(603, 33, 28, 36, 4, '2025-06-14 02:10:27'),
(604, 33, 20, 37, 4, '2025-06-14 02:10:27'),
(605, 33, 24, 37, 4, '2025-06-14 02:10:27'),
(606, 33, 22, 37, 4, '2025-06-14 02:10:27'),
(607, 33, 28, 37, 3, '2025-06-14 02:10:27'),
(608, 34, 19, 15, 4, '2025-07-17 09:04:06'),
(609, 34, 27, 15, 3, '2025-07-17 09:04:06'),
(610, 34, 26, 15, 3, '2025-07-17 09:04:06'),
(611, 34, 25, 15, 4, '2025-07-17 09:04:06'),
(612, 34, 23, 15, 4, '2025-07-17 09:04:06'),
(613, 34, 21, 15, 4, '2025-07-17 09:04:06'),
(614, 34, 19, 16, 4, '2025-07-17 09:04:06'),
(615, 34, 27, 16, 3, '2025-07-17 09:04:06'),
(616, 34, 26, 16, 4, '2025-07-17 09:04:06'),
(617, 34, 25, 16, 4, '2025-07-17 09:04:06'),
(618, 34, 23, 16, 4, '2025-07-17 09:04:06'),
(619, 34, 21, 16, 4, '2025-07-17 09:04:06'),
(620, 34, 19, 17, 4, '2025-07-17 09:04:06'),
(621, 34, 27, 17, 3, '2025-07-17 09:04:06'),
(622, 34, 26, 17, 2, '2025-07-17 09:04:06'),
(623, 34, 25, 17, 4, '2025-07-17 09:04:06'),
(624, 34, 23, 17, 4, '2025-07-17 09:04:06'),
(625, 34, 21, 17, 4, '2025-07-17 09:04:06'),
(626, 34, 19, 18, 4, '2025-07-17 09:04:06'),
(627, 34, 27, 18, 4, '2025-07-17 09:04:06'),
(628, 34, 26, 18, 3, '2025-07-17 09:04:06'),
(629, 34, 25, 18, 4, '2025-07-17 09:04:06'),
(630, 34, 23, 18, 2, '2025-07-17 09:04:06'),
(631, 34, 21, 18, 4, '2025-07-17 09:04:06'),
(632, 34, 19, 19, 4, '2025-07-17 09:04:06'),
(633, 34, 27, 19, 4, '2025-07-17 09:04:06'),
(634, 34, 26, 19, 3, '2025-07-17 09:04:06'),
(635, 34, 25, 19, 4, '2025-07-17 09:04:06'),
(636, 34, 23, 19, 3, '2025-07-17 09:04:06'),
(637, 34, 21, 19, 4, '2025-07-17 09:04:06'),
(638, 34, 19, 20, 4, '2025-07-17 09:04:06'),
(639, 34, 27, 20, 1, '2025-07-17 09:04:06'),
(640, 34, 26, 20, 2, '2025-07-17 09:04:06'),
(641, 34, 25, 20, 4, '2025-07-17 09:04:06'),
(642, 34, 23, 20, 3, '2025-07-17 09:04:06'),
(643, 34, 21, 20, 4, '2025-07-17 09:04:06'),
(644, 34, 19, 21, 4, '2025-07-17 09:04:06'),
(645, 34, 27, 21, 3, '2025-07-17 09:04:06'),
(646, 34, 26, 21, 2, '2025-07-17 09:04:06'),
(647, 34, 25, 21, 4, '2025-07-17 09:04:06'),
(648, 34, 23, 21, 3, '2025-07-17 09:04:06'),
(649, 34, 21, 21, 4, '2025-07-17 09:04:06'),
(650, 34, 19, 22, 3, '2025-07-17 09:04:06'),
(651, 34, 27, 22, 4, '2025-07-17 09:04:06'),
(652, 34, 26, 22, 2, '2025-07-17 09:04:06'),
(653, 34, 25, 22, 4, '2025-07-17 09:04:06'),
(654, 34, 23, 22, 2, '2025-07-17 09:04:06'),
(655, 34, 21, 22, 4, '2025-07-17 09:04:06'),
(656, 34, 19, 23, 2, '2025-07-17 09:04:06'),
(657, 34, 27, 23, 1, '2025-07-17 09:04:06'),
(658, 34, 26, 23, 3, '2025-07-17 09:04:06'),
(659, 34, 25, 23, 4, '2025-07-17 09:04:06'),
(660, 34, 23, 23, 1, '2025-07-17 09:04:06'),
(661, 34, 21, 23, 4, '2025-07-17 09:04:06'),
(662, 34, 19, 24, 3, '2025-07-17 09:04:06'),
(663, 34, 27, 24, 2, '2025-07-17 09:04:06'),
(664, 34, 26, 24, 3, '2025-07-17 09:04:06'),
(665, 34, 25, 24, 4, '2025-07-17 09:04:06'),
(666, 34, 23, 24, 3, '2025-07-17 09:04:06'),
(667, 34, 21, 24, 4, '2025-07-17 09:04:06'),
(668, 34, 19, 25, 3, '2025-07-17 09:04:06'),
(669, 34, 27, 25, 3, '2025-07-17 09:04:06'),
(670, 34, 26, 25, 3, '2025-07-17 09:04:06'),
(671, 34, 25, 25, 4, '2025-07-17 09:04:06'),
(672, 34, 23, 25, 3, '2025-07-17 09:04:06'),
(673, 34, 21, 25, 4, '2025-07-17 09:04:06'),
(674, 34, 19, 26, 2, '2025-07-17 09:04:06'),
(675, 34, 27, 26, 2, '2025-07-17 09:04:06'),
(676, 34, 26, 26, 3, '2025-07-17 09:04:06'),
(677, 34, 25, 26, 4, '2025-07-17 09:04:06'),
(678, 34, 23, 26, 3, '2025-07-17 09:04:06'),
(679, 34, 21, 26, 4, '2025-07-17 09:04:06'),
(680, 34, 19, 27, 2, '2025-07-17 09:04:06'),
(681, 34, 27, 27, 3, '2025-07-17 09:04:06'),
(682, 34, 26, 27, 1, '2025-07-17 09:04:06'),
(683, 34, 25, 27, 4, '2025-07-17 09:04:06'),
(684, 34, 23, 27, 2, '2025-07-17 09:04:06'),
(685, 34, 21, 27, 4, '2025-07-17 09:04:06'),
(686, 34, 19, 28, 3, '2025-07-17 09:04:06'),
(687, 34, 27, 28, 1, '2025-07-17 09:04:06'),
(688, 34, 26, 28, 3, '2025-07-17 09:04:06'),
(689, 34, 25, 28, 4, '2025-07-17 09:04:06'),
(690, 34, 23, 28, 3, '2025-07-17 09:04:06'),
(691, 34, 21, 28, 4, '2025-07-17 09:04:06'),
(692, 34, 19, 29, 3, '2025-07-17 09:04:06'),
(693, 34, 27, 29, 3, '2025-07-17 09:04:06'),
(694, 34, 26, 29, 2, '2025-07-17 09:04:06'),
(695, 34, 25, 29, 4, '2025-07-17 09:04:06'),
(696, 34, 23, 29, 3, '2025-07-17 09:04:06'),
(697, 34, 21, 29, 4, '2025-07-17 09:04:06'),
(698, 34, 19, 30, 2, '2025-07-17 09:04:06'),
(699, 34, 27, 30, 2, '2025-07-17 09:04:06'),
(700, 34, 26, 30, 1, '2025-07-17 09:04:06'),
(701, 34, 25, 30, 4, '2025-07-17 09:04:06'),
(702, 34, 23, 30, 1, '2025-07-17 09:04:06'),
(703, 34, 21, 30, 4, '2025-07-17 09:04:06'),
(704, 34, 20, 31, 4, '2025-07-17 09:04:06'),
(705, 34, 24, 31, 3, '2025-07-17 09:04:06'),
(706, 34, 22, 31, 2, '2025-07-17 09:04:06'),
(707, 34, 28, 31, 4, '2025-07-17 09:04:06'),
(708, 34, 20, 32, 4, '2025-07-17 09:04:06'),
(709, 34, 24, 32, 3, '2025-07-17 09:04:06'),
(710, 34, 22, 32, 2, '2025-07-17 09:04:06'),
(711, 34, 28, 32, 4, '2025-07-17 09:04:06'),
(712, 34, 20, 33, 3, '2025-07-17 09:04:06'),
(713, 34, 24, 33, 4, '2025-07-17 09:04:06'),
(714, 34, 22, 33, 3, '2025-07-17 09:04:06'),
(715, 34, 28, 33, 4, '2025-07-17 09:04:06'),
(716, 34, 20, 34, 4, '2025-07-17 09:04:06'),
(717, 34, 24, 34, 1, '2025-07-17 09:04:06'),
(718, 34, 22, 34, 3, '2025-07-17 09:04:06'),
(719, 34, 28, 34, 4, '2025-07-17 09:04:06'),
(720, 34, 20, 35, 3, '2025-07-17 09:04:06'),
(721, 34, 24, 35, 2, '2025-07-17 09:04:06'),
(722, 34, 22, 35, 1, '2025-07-17 09:04:06'),
(723, 34, 28, 35, 4, '2025-07-17 09:04:06'),
(724, 34, 20, 36, 4, '2025-07-17 09:04:06'),
(725, 34, 24, 36, 3, '2025-07-17 09:04:06'),
(726, 34, 22, 36, 3, '2025-07-17 09:04:06'),
(727, 34, 28, 36, 4, '2025-07-17 09:04:06'),
(728, 34, 20, 37, 3, '2025-07-17 09:04:06'),
(729, 34, 24, 37, 2, '2025-07-17 09:04:06'),
(730, 34, 22, 37, 3, '2025-07-17 09:04:06'),
(731, 34, 28, 37, 4, '2025-07-17 09:04:06'),
(732, 35, 19, 15, 3, '2025-07-17 09:11:40'),
(733, 35, 27, 15, 3, '2025-07-17 09:11:40'),
(734, 35, 26, 15, 2, '2025-07-17 09:11:40'),
(735, 35, 25, 15, 4, '2025-07-17 09:11:40'),
(736, 35, 23, 15, 3, '2025-07-17 09:11:40'),
(737, 35, 21, 15, 4, '2025-07-17 09:11:40'),
(738, 35, 19, 16, 3, '2025-07-17 09:11:40'),
(739, 35, 27, 16, 3, '2025-07-17 09:11:40'),
(740, 35, 26, 16, 4, '2025-07-17 09:11:40'),
(741, 35, 25, 16, 4, '2025-07-17 09:11:40'),
(742, 35, 23, 16, 4, '2025-07-17 09:11:40'),
(743, 35, 21, 16, 4, '2025-07-17 09:11:40'),
(744, 35, 19, 17, 2, '2025-07-17 09:11:40'),
(745, 35, 27, 17, 3, '2025-07-17 09:11:40'),
(746, 35, 26, 17, 4, '2025-07-17 09:11:40'),
(747, 35, 25, 17, 4, '2025-07-17 09:11:40'),
(748, 35, 23, 17, 3, '2025-07-17 09:11:40'),
(749, 35, 21, 17, 4, '2025-07-17 09:11:40'),
(750, 35, 19, 18, 4, '2025-07-17 09:11:40'),
(751, 35, 27, 18, 3, '2025-07-17 09:11:40'),
(752, 35, 26, 18, 3, '2025-07-17 09:11:40'),
(753, 35, 25, 18, 4, '2025-07-17 09:11:40'),
(754, 35, 23, 18, 2, '2025-07-17 09:11:40'),
(755, 35, 21, 18, 4, '2025-07-17 09:11:40'),
(756, 35, 19, 19, 3, '2025-07-17 09:11:40'),
(757, 35, 27, 19, 3, '2025-07-17 09:11:40'),
(758, 35, 26, 19, 4, '2025-07-17 09:11:40'),
(759, 35, 25, 19, 4, '2025-07-17 09:11:40'),
(760, 35, 23, 19, 3, '2025-07-17 09:11:40'),
(761, 35, 21, 19, 4, '2025-07-17 09:11:40'),
(762, 35, 19, 20, 3, '2025-07-17 09:11:40'),
(763, 35, 27, 20, 4, '2025-07-17 09:11:40'),
(764, 35, 26, 20, 4, '2025-07-17 09:11:40'),
(765, 35, 25, 20, 4, '2025-07-17 09:11:40'),
(766, 35, 23, 20, 3, '2025-07-17 09:11:40'),
(767, 35, 21, 20, 4, '2025-07-17 09:11:40'),
(768, 35, 19, 21, 2, '2025-07-17 09:11:40'),
(769, 35, 27, 21, 3, '2025-07-17 09:11:40'),
(770, 35, 26, 21, 3, '2025-07-17 09:11:40'),
(771, 35, 25, 21, 4, '2025-07-17 09:11:40'),
(772, 35, 23, 21, 2, '2025-07-17 09:11:40'),
(773, 35, 21, 21, 4, '2025-07-17 09:11:40'),
(774, 35, 19, 22, 2, '2025-07-17 09:11:40'),
(775, 35, 27, 22, 3, '2025-07-17 09:11:40'),
(776, 35, 26, 22, 3, '2025-07-17 09:11:40'),
(777, 35, 25, 22, 4, '2025-07-17 09:11:40'),
(778, 35, 23, 22, 3, '2025-07-17 09:11:40'),
(779, 35, 21, 22, 4, '2025-07-17 09:11:40'),
(780, 35, 19, 23, 4, '2025-07-17 09:11:40'),
(781, 35, 27, 23, 4, '2025-07-17 09:11:40'),
(782, 35, 26, 23, 3, '2025-07-17 09:11:40'),
(783, 35, 25, 23, 4, '2025-07-17 09:11:40'),
(784, 35, 23, 23, 2, '2025-07-17 09:11:40'),
(785, 35, 21, 23, 4, '2025-07-17 09:11:40'),
(786, 35, 19, 24, 3, '2025-07-17 09:11:40'),
(787, 35, 27, 24, 4, '2025-07-17 09:11:40'),
(788, 35, 26, 24, 2, '2025-07-17 09:11:40'),
(789, 35, 25, 24, 4, '2025-07-17 09:11:40'),
(790, 35, 23, 24, 2, '2025-07-17 09:11:40'),
(791, 35, 21, 24, 4, '2025-07-17 09:11:40'),
(792, 35, 19, 25, 3, '2025-07-17 09:11:40'),
(793, 35, 27, 25, 2, '2025-07-17 09:11:40'),
(794, 35, 26, 25, 1, '2025-07-17 09:11:40'),
(795, 35, 25, 25, 4, '2025-07-17 09:11:40'),
(796, 35, 23, 25, 2, '2025-07-17 09:11:40'),
(797, 35, 21, 25, 4, '2025-07-17 09:11:40'),
(798, 35, 19, 26, 3, '2025-07-17 09:11:40'),
(799, 35, 27, 26, 2, '2025-07-17 09:11:40'),
(800, 35, 26, 26, 2, '2025-07-17 09:11:40'),
(801, 35, 25, 26, 4, '2025-07-17 09:11:40'),
(802, 35, 23, 26, 2, '2025-07-17 09:11:40'),
(803, 35, 21, 26, 4, '2025-07-17 09:11:40'),
(804, 35, 19, 27, 4, '2025-07-17 09:11:40'),
(805, 35, 27, 27, 3, '2025-07-17 09:11:40'),
(806, 35, 26, 27, 2, '2025-07-17 09:11:40'),
(807, 35, 25, 27, 4, '2025-07-17 09:11:40'),
(808, 35, 23, 27, 2, '2025-07-17 09:11:40'),
(809, 35, 21, 27, 4, '2025-07-17 09:11:40'),
(810, 35, 19, 28, 4, '2025-07-17 09:11:40'),
(811, 35, 27, 28, 2, '2025-07-17 09:11:40'),
(812, 35, 26, 28, 2, '2025-07-17 09:11:40'),
(813, 35, 25, 28, 4, '2025-07-17 09:11:40'),
(814, 35, 23, 28, 2, '2025-07-17 09:11:40'),
(815, 35, 21, 28, 4, '2025-07-17 09:11:40'),
(816, 35, 19, 29, 4, '2025-07-17 09:11:40'),
(817, 35, 27, 29, 1, '2025-07-17 09:11:40'),
(818, 35, 26, 29, 2, '2025-07-17 09:11:40'),
(819, 35, 25, 29, 4, '2025-07-17 09:11:40'),
(820, 35, 23, 29, 2, '2025-07-17 09:11:40'),
(821, 35, 21, 29, 4, '2025-07-17 09:11:40'),
(822, 35, 19, 30, 3, '2025-07-17 09:11:40'),
(823, 35, 27, 30, 3, '2025-07-17 09:11:40'),
(824, 35, 26, 30, 3, '2025-07-17 09:11:40'),
(825, 35, 25, 30, 4, '2025-07-17 09:11:40'),
(826, 35, 23, 30, 3, '2025-07-17 09:11:40'),
(827, 35, 21, 30, 4, '2025-07-17 09:11:40'),
(828, 35, 20, 31, 3, '2025-07-17 09:11:40'),
(829, 35, 24, 31, 2, '2025-07-17 09:11:40'),
(830, 35, 22, 31, 3, '2025-07-17 09:11:40'),
(831, 35, 28, 31, 4, '2025-07-17 09:11:40'),
(832, 35, 20, 32, 3, '2025-07-17 09:11:40'),
(833, 35, 24, 32, 2, '2025-07-17 09:11:40'),
(834, 35, 22, 32, 1, '2025-07-17 09:11:40'),
(835, 35, 28, 32, 4, '2025-07-17 09:11:40'),
(836, 35, 20, 33, 3, '2025-07-17 09:11:40'),
(837, 35, 24, 33, 3, '2025-07-17 09:11:40'),
(838, 35, 22, 33, 3, '2025-07-17 09:11:40'),
(839, 35, 28, 33, 4, '2025-07-17 09:11:40'),
(840, 35, 20, 34, 3, '2025-07-17 09:11:40'),
(841, 35, 24, 34, 3, '2025-07-17 09:11:40'),
(842, 35, 22, 34, 3, '2025-07-17 09:11:40'),
(843, 35, 28, 34, 4, '2025-07-17 09:11:40'),
(844, 35, 20, 35, 2, '2025-07-17 09:11:40'),
(845, 35, 24, 35, 2, '2025-07-17 09:11:40'),
(846, 35, 22, 35, 1, '2025-07-17 09:11:40'),
(847, 35, 28, 35, 4, '2025-07-17 09:11:40'),
(848, 35, 20, 36, 3, '2025-07-17 09:11:40'),
(849, 35, 24, 36, 2, '2025-07-17 09:11:40'),
(850, 35, 22, 36, 2, '2025-07-17 09:11:40'),
(851, 35, 28, 36, 4, '2025-07-17 09:11:40'),
(852, 35, 20, 37, 2, '2025-07-17 09:11:40'),
(853, 35, 24, 37, 3, '2025-07-17 09:11:40'),
(854, 35, 22, 37, 3, '2025-07-17 09:11:40'),
(855, 35, 28, 37, 4, '2025-07-17 09:11:40'),
(856, 36, 19, 15, 3, '2025-07-17 09:19:57'),
(857, 36, 27, 15, 3, '2025-07-17 09:19:57'),
(858, 36, 26, 15, 3, '2025-07-17 09:19:57'),
(859, 36, 25, 15, 4, '2025-07-17 09:19:57'),
(860, 36, 23, 15, 3, '2025-07-17 09:19:57'),
(861, 36, 21, 15, 4, '2025-07-17 09:19:57'),
(862, 36, 19, 16, 4, '2025-07-17 09:19:57'),
(863, 36, 27, 16, 4, '2025-07-17 09:19:57'),
(864, 36, 26, 16, 4, '2025-07-17 09:19:57'),
(865, 36, 25, 16, 4, '2025-07-17 09:19:57'),
(866, 36, 23, 16, 3, '2025-07-17 09:19:57'),
(867, 36, 21, 16, 4, '2025-07-17 09:19:57'),
(868, 36, 19, 17, 4, '2025-07-17 09:19:57'),
(869, 36, 27, 17, 4, '2025-07-17 09:19:57'),
(870, 36, 26, 17, 2, '2025-07-17 09:19:57'),
(871, 36, 25, 17, 4, '2025-07-17 09:19:57'),
(872, 36, 23, 17, 4, '2025-07-17 09:19:57'),
(873, 36, 21, 17, 4, '2025-07-17 09:19:57'),
(874, 36, 19, 18, 3, '2025-07-17 09:19:57'),
(875, 36, 27, 18, 4, '2025-07-17 09:19:57'),
(876, 36, 26, 18, 2, '2025-07-17 09:19:57'),
(877, 36, 25, 18, 4, '2025-07-17 09:19:57'),
(878, 36, 23, 18, 2, '2025-07-17 09:19:57'),
(879, 36, 21, 18, 4, '2025-07-17 09:19:57'),
(880, 36, 19, 19, 2, '2025-07-17 09:19:57'),
(881, 36, 27, 19, 1, '2025-07-17 09:19:57'),
(882, 36, 26, 19, 2, '2025-07-17 09:19:57'),
(883, 36, 25, 19, 4, '2025-07-17 09:19:57'),
(884, 36, 23, 19, 2, '2025-07-17 09:19:57'),
(885, 36, 21, 19, 4, '2025-07-17 09:19:57'),
(886, 36, 19, 20, 2, '2025-07-17 09:19:57'),
(887, 36, 27, 20, 2, '2025-07-17 09:19:57'),
(888, 36, 26, 20, 2, '2025-07-17 09:19:57'),
(889, 36, 25, 20, 4, '2025-07-17 09:19:57'),
(890, 36, 23, 20, 2, '2025-07-17 09:19:57'),
(891, 36, 21, 20, 4, '2025-07-17 09:19:57'),
(892, 36, 19, 21, 2, '2025-07-17 09:19:57'),
(893, 36, 27, 21, 2, '2025-07-17 09:19:57'),
(894, 36, 26, 21, 2, '2025-07-17 09:19:57'),
(895, 36, 25, 21, 4, '2025-07-17 09:19:57'),
(896, 36, 23, 21, 2, '2025-07-17 09:19:57'),
(897, 36, 21, 21, 4, '2025-07-17 09:19:57'),
(898, 36, 19, 22, 2, '2025-07-17 09:19:57'),
(899, 36, 27, 22, 2, '2025-07-17 09:19:57'),
(900, 36, 26, 22, 2, '2025-07-17 09:19:57'),
(901, 36, 25, 22, 4, '2025-07-17 09:19:57'),
(902, 36, 23, 22, 2, '2025-07-17 09:19:57'),
(903, 36, 21, 22, 4, '2025-07-17 09:19:57'),
(904, 36, 19, 23, 2, '2025-07-17 09:19:57'),
(905, 36, 27, 23, 3, '2025-07-17 09:19:57'),
(906, 36, 26, 23, 2, '2025-07-17 09:19:57'),
(907, 36, 25, 23, 4, '2025-07-17 09:19:57'),
(908, 36, 23, 23, 2, '2025-07-17 09:19:57'),
(909, 36, 21, 23, 4, '2025-07-17 09:19:57'),
(910, 36, 19, 24, 2, '2025-07-17 09:19:57'),
(911, 36, 27, 24, 3, '2025-07-17 09:19:57'),
(912, 36, 26, 24, 2, '2025-07-17 09:19:57'),
(913, 36, 25, 24, 4, '2025-07-17 09:19:57'),
(914, 36, 23, 24, 2, '2025-07-17 09:19:57'),
(915, 36, 21, 24, 4, '2025-07-17 09:19:57'),
(916, 36, 19, 25, 2, '2025-07-17 09:19:57'),
(917, 36, 27, 25, 2, '2025-07-17 09:19:57'),
(918, 36, 26, 25, 2, '2025-07-17 09:19:57'),
(919, 36, 25, 25, 4, '2025-07-17 09:19:57'),
(920, 36, 23, 25, 2, '2025-07-17 09:19:57'),
(921, 36, 21, 25, 4, '2025-07-17 09:19:57'),
(922, 36, 19, 26, 2, '2025-07-17 09:19:57'),
(923, 36, 27, 26, 2, '2025-07-17 09:19:57'),
(924, 36, 26, 26, 3, '2025-07-17 09:19:57'),
(925, 36, 25, 26, 4, '2025-07-17 09:19:57'),
(926, 36, 23, 26, 2, '2025-07-17 09:19:57'),
(927, 36, 21, 26, 4, '2025-07-17 09:19:57'),
(928, 36, 19, 27, 2, '2025-07-17 09:19:57'),
(929, 36, 27, 27, 3, '2025-07-17 09:19:57'),
(930, 36, 26, 27, 3, '2025-07-17 09:19:57'),
(931, 36, 25, 27, 4, '2025-07-17 09:19:57'),
(932, 36, 23, 27, 3, '2025-07-17 09:19:57'),
(933, 36, 21, 27, 4, '2025-07-17 09:19:57'),
(934, 36, 19, 28, 3, '2025-07-17 09:19:57'),
(935, 36, 27, 28, 3, '2025-07-17 09:19:57'),
(936, 36, 26, 28, 3, '2025-07-17 09:19:57'),
(937, 36, 25, 28, 4, '2025-07-17 09:19:57'),
(938, 36, 23, 28, 2, '2025-07-17 09:19:57'),
(939, 36, 21, 28, 4, '2025-07-17 09:19:57'),
(940, 36, 19, 29, 3, '2025-07-17 09:19:57'),
(941, 36, 27, 29, 3, '2025-07-17 09:19:57'),
(942, 36, 26, 29, 2, '2025-07-17 09:19:57'),
(943, 36, 25, 29, 4, '2025-07-17 09:19:57'),
(944, 36, 23, 29, 2, '2025-07-17 09:19:57'),
(945, 36, 21, 29, 4, '2025-07-17 09:19:57'),
(946, 36, 19, 30, 2, '2025-07-17 09:19:57'),
(947, 36, 27, 30, 3, '2025-07-17 09:19:57'),
(948, 36, 26, 30, 3, '2025-07-17 09:19:57'),
(949, 36, 25, 30, 4, '2025-07-17 09:19:57'),
(950, 36, 23, 30, 3, '2025-07-17 09:19:57'),
(951, 36, 21, 30, 4, '2025-07-17 09:19:57'),
(952, 36, 20, 31, 4, '2025-07-17 09:19:57'),
(953, 36, 24, 31, 2, '2025-07-17 09:19:57'),
(954, 36, 22, 31, 2, '2025-07-17 09:19:57'),
(955, 36, 28, 31, 4, '2025-07-17 09:19:57'),
(956, 36, 20, 32, 3, '2025-07-17 09:19:57'),
(957, 36, 24, 32, 3, '2025-07-17 09:19:57'),
(958, 36, 22, 32, 3, '2025-07-17 09:19:57'),
(959, 36, 28, 32, 4, '2025-07-17 09:19:57'),
(960, 36, 20, 33, 3, '2025-07-17 09:19:57'),
(961, 36, 24, 33, 3, '2025-07-17 09:19:57'),
(962, 36, 22, 33, 3, '2025-07-17 09:19:57'),
(963, 36, 28, 33, 4, '2025-07-17 09:19:57'),
(964, 36, 20, 34, 3, '2025-07-17 09:19:57'),
(965, 36, 24, 34, 4, '2025-07-17 09:19:57'),
(966, 36, 22, 34, 3, '2025-07-17 09:19:57'),
(967, 36, 28, 34, 4, '2025-07-17 09:19:57'),
(968, 36, 20, 35, 3, '2025-07-17 09:19:57'),
(969, 36, 24, 35, 3, '2025-07-17 09:19:57'),
(970, 36, 22, 35, 3, '2025-07-17 09:19:57'),
(971, 36, 28, 35, 4, '2025-07-17 09:19:57'),
(972, 36, 20, 36, 4, '2025-07-17 09:19:57'),
(973, 36, 24, 36, 4, '2025-07-17 09:19:57'),
(974, 36, 22, 36, 4, '2025-07-17 09:19:57'),
(975, 36, 28, 36, 4, '2025-07-17 09:19:57'),
(976, 36, 20, 37, 4, '2025-07-17 09:19:57'),
(977, 36, 24, 37, 4, '2025-07-17 09:19:57'),
(978, 36, 22, 37, 4, '2025-07-17 09:19:57'),
(979, 36, 28, 37, 4, '2025-07-17 09:19:57'),
(980, 37, 19, 15, 3, '2025-07-17 17:10:06'),
(981, 37, 27, 15, 4, '2025-07-17 17:10:06'),
(982, 37, 26, 15, 4, '2025-07-17 17:10:06'),
(983, 37, 25, 15, 4, '2025-07-17 17:10:06'),
(984, 37, 23, 15, 4, '2025-07-17 17:10:06'),
(985, 37, 21, 15, 4, '2025-07-17 17:10:06'),
(986, 37, 19, 16, 4, '2025-07-17 17:10:06'),
(987, 37, 27, 16, 3, '2025-07-17 17:10:06'),
(988, 37, 26, 16, 4, '2025-07-17 17:10:06'),
(989, 37, 25, 16, 4, '2025-07-17 17:10:06'),
(990, 37, 23, 16, 4, '2025-07-17 17:10:06'),
(991, 37, 21, 16, 3, '2025-07-17 17:10:06'),
(992, 37, 19, 17, 4, '2025-07-17 17:10:06'),
(993, 37, 27, 17, 3, '2025-07-17 17:10:06'),
(994, 37, 26, 17, 3, '2025-07-17 17:10:06'),
(995, 37, 25, 17, 4, '2025-07-17 17:10:06'),
(996, 37, 23, 17, 4, '2025-07-17 17:10:06'),
(997, 37, 21, 17, 3, '2025-07-17 17:10:06'),
(998, 37, 19, 18, 2, '2025-07-17 17:10:06'),
(999, 37, 27, 18, 4, '2025-07-17 17:10:06'),
(1000, 37, 26, 18, 3, '2025-07-17 17:10:06'),
(1001, 37, 25, 18, 4, '2025-07-17 17:10:06'),
(1002, 37, 23, 18, 4, '2025-07-17 17:10:06'),
(1003, 37, 21, 18, 3, '2025-07-17 17:10:06'),
(1004, 37, 19, 19, 2, '2025-07-17 17:10:06'),
(1005, 37, 27, 19, 3, '2025-07-17 17:10:06'),
(1006, 37, 26, 19, 2, '2025-07-17 17:10:06'),
(1007, 37, 25, 19, 4, '2025-07-17 17:10:06'),
(1008, 37, 23, 19, 2, '2025-07-17 17:10:06'),
(1009, 37, 21, 19, 4, '2025-07-17 17:10:06'),
(1010, 37, 19, 20, 3, '2025-07-17 17:10:06'),
(1011, 37, 27, 20, 3, '2025-07-17 17:10:06'),
(1012, 37, 26, 20, 3, '2025-07-17 17:10:06'),
(1013, 37, 25, 20, 4, '2025-07-17 17:10:06'),
(1014, 37, 23, 20, 4, '2025-07-17 17:10:06'),
(1015, 37, 21, 20, 3, '2025-07-17 17:10:06'),
(1016, 37, 19, 21, 3, '2025-07-17 17:10:06'),
(1017, 37, 27, 21, 4, '2025-07-17 17:10:06'),
(1018, 37, 26, 21, 3, '2025-07-17 17:10:06'),
(1019, 37, 25, 21, 4, '2025-07-17 17:10:06'),
(1020, 37, 23, 21, 3, '2025-07-17 17:10:06'),
(1021, 37, 21, 21, 3, '2025-07-17 17:10:06'),
(1022, 37, 19, 22, 3, '2025-07-17 17:10:06'),
(1023, 37, 27, 22, 3, '2025-07-17 17:10:06'),
(1024, 37, 26, 22, 3, '2025-07-17 17:10:06'),
(1025, 37, 25, 22, 4, '2025-07-17 17:10:06'),
(1026, 37, 23, 22, 3, '2025-07-17 17:10:06'),
(1027, 37, 21, 22, 3, '2025-07-17 17:10:06'),
(1028, 37, 19, 23, 3, '2025-07-17 17:10:06'),
(1029, 37, 27, 23, 3, '2025-07-17 17:10:06'),
(1030, 37, 26, 23, 4, '2025-07-17 17:10:06'),
(1031, 37, 25, 23, 4, '2025-07-17 17:10:06'),
(1032, 37, 23, 23, 4, '2025-07-17 17:10:06'),
(1033, 37, 21, 23, 2, '2025-07-17 17:10:06'),
(1034, 37, 19, 24, 4, '2025-07-17 17:10:06'),
(1035, 37, 27, 24, 4, '2025-07-17 17:10:06'),
(1036, 37, 26, 24, 4, '2025-07-17 17:10:06'),
(1037, 37, 25, 24, 4, '2025-07-17 17:10:06'),
(1038, 37, 23, 24, 4, '2025-07-17 17:10:06'),
(1039, 37, 21, 24, 4, '2025-07-17 17:10:06'),
(1040, 37, 19, 25, 3, '2025-07-17 17:10:06'),
(1041, 37, 27, 25, 3, '2025-07-17 17:10:06'),
(1042, 37, 26, 25, 4, '2025-07-17 17:10:06'),
(1043, 37, 25, 25, 4, '2025-07-17 17:10:06'),
(1044, 37, 23, 25, 2, '2025-07-17 17:10:06'),
(1045, 37, 21, 25, 3, '2025-07-17 17:10:06'),
(1046, 37, 19, 26, 4, '2025-07-17 17:10:06'),
(1047, 37, 27, 26, 4, '2025-07-17 17:10:06'),
(1048, 37, 26, 26, 3, '2025-07-17 17:10:06'),
(1049, 37, 25, 26, 4, '2025-07-17 17:10:06'),
(1050, 37, 23, 26, 3, '2025-07-17 17:10:06'),
(1051, 37, 21, 26, 1, '2025-07-17 17:10:06'),
(1052, 37, 19, 27, 2, '2025-07-17 17:10:06'),
(1053, 37, 27, 27, 4, '2025-07-17 17:10:06'),
(1054, 37, 26, 27, 3, '2025-07-17 17:10:06'),
(1055, 37, 25, 27, 4, '2025-07-17 17:10:06'),
(1056, 37, 23, 27, 3, '2025-07-17 17:10:06'),
(1057, 37, 21, 27, 4, '2025-07-17 17:10:06'),
(1058, 37, 19, 28, 3, '2025-07-17 17:10:06'),
(1059, 37, 27, 28, 3, '2025-07-17 17:10:06'),
(1060, 37, 26, 28, 3, '2025-07-17 17:10:06'),
(1061, 37, 25, 28, 4, '2025-07-17 17:10:06'),
(1062, 37, 23, 28, 2, '2025-07-17 17:10:06'),
(1063, 37, 21, 28, 3, '2025-07-17 17:10:06'),
(1064, 37, 19, 29, 3, '2025-07-17 17:10:06'),
(1065, 37, 27, 29, 2, '2025-07-17 17:10:06'),
(1066, 37, 26, 29, 2, '2025-07-17 17:10:06'),
(1067, 37, 25, 29, 4, '2025-07-17 17:10:06'),
(1068, 37, 23, 29, 2, '2025-07-17 17:10:06'),
(1069, 37, 21, 29, 3, '2025-07-17 17:10:06'),
(1070, 37, 19, 30, 1, '2025-07-17 17:10:06'),
(1071, 37, 27, 30, 2, '2025-07-17 17:10:06'),
(1072, 37, 26, 30, 4, '2025-07-17 17:10:06'),
(1073, 37, 25, 30, 4, '2025-07-17 17:10:06'),
(1074, 37, 23, 30, 3, '2025-07-17 17:10:06'),
(1075, 37, 21, 30, 3, '2025-07-17 17:10:06'),
(1076, 37, 20, 31, 2, '2025-07-17 17:10:06'),
(1077, 37, 24, 31, 2, '2025-07-17 17:10:06'),
(1078, 37, 22, 31, 2, '2025-07-17 17:10:06'),
(1079, 37, 28, 31, 3, '2025-07-17 17:10:06'),
(1080, 37, 20, 32, 4, '2025-07-17 17:10:06'),
(1081, 37, 24, 32, 4, '2025-07-17 17:10:06'),
(1082, 37, 22, 32, 3, '2025-07-17 17:10:06'),
(1083, 37, 28, 32, 3, '2025-07-17 17:10:06'),
(1084, 37, 20, 33, 1, '2025-07-17 17:10:06'),
(1085, 37, 24, 33, 3, '2025-07-17 17:10:06'),
(1086, 37, 22, 33, 2, '2025-07-17 17:10:06'),
(1087, 37, 28, 33, 3, '2025-07-17 17:10:06'),
(1088, 37, 20, 34, 2, '2025-07-17 17:10:06'),
(1089, 37, 24, 34, 4, '2025-07-17 17:10:06'),
(1090, 37, 22, 34, 3, '2025-07-17 17:10:06'),
(1091, 37, 28, 34, 4, '2025-07-17 17:10:06'),
(1092, 37, 20, 35, 4, '2025-07-17 17:10:06'),
(1093, 37, 24, 35, 3, '2025-07-17 17:10:06'),
(1094, 37, 22, 35, 2, '2025-07-17 17:10:06'),
(1095, 37, 28, 35, 3, '2025-07-17 17:10:06'),
(1096, 37, 20, 36, 3, '2025-07-17 17:10:06'),
(1097, 37, 24, 36, 1, '2025-07-17 17:10:06'),
(1098, 37, 22, 36, 2, '2025-07-17 17:10:06'),
(1099, 37, 28, 36, 4, '2025-07-17 17:10:06'),
(1100, 37, 20, 37, 3, '2025-07-17 17:10:06'),
(1101, 37, 24, 37, 3, '2025-07-17 17:10:06'),
(1102, 37, 22, 37, 4, '2025-07-17 17:10:06'),
(1103, 37, 28, 37, 3, '2025-07-17 17:10:06');

-- --------------------------------------------------------

--
-- Table structure for table `feedback_responses`
--

CREATE TABLE `feedback_responses` (
  `id` int(11) NOT NULL,
  `submission_id` int(11) NOT NULL,
  `question_id` int(11) NOT NULL,
  `rating` int(11) NOT NULL,
  `comment` text DEFAULT NULL,
  `created_at` timestamp NOT NULL DEFAULT current_timestamp()
) ENGINE=InnoDB DEFAULT CHARSET=utf8mb4 COLLATE=utf8mb4_general_ci;

-- --------------------------------------------------------

--
-- Table structure for table `feedback_submissions`
--

CREATE TABLE `feedback_submissions` (
  `id` int(11) NOT NULL,
  `student_email` varchar(255) NOT NULL,
  `class_id` int(11) NOT NULL,
  `academic_year` varchar(9) NOT NULL,
  `submission_date` datetime NOT NULL
) ENGINE=InnoDB DEFAULT CHARSET=utf8mb4 COLLATE=utf8mb4_general_ci;

--
-- Dumping data for table `feedback_submissions`
--

INSERT INTO `feedback_submissions` (`id`, `student_email`, `class_id`, `academic_year`, `submission_date`) VALUES
(33, 's22_tarpe_akshay@mgmcen.ac.in', 9, '2024-2025', '2025-06-14 00:00:00'),
(34, 's22_modi_satyam@mgmcen.ac.in', 9, '2024-2025', '2025-07-17 00:00:00'),
(35, 's22_kulkarni_aditya@mgmcen.ac.in', 9, '2024-2025', '2025-07-17 00:00:00'),
(36, 's22_tidke_shubham@mgmcen.ac.in', 9, '2024-2025', '2025-07-17 00:00:00'),
(37, 's22_wasmatkar_aniket@mgmcen.ac.in', 9, '2024-2025', '2025-07-17 00:00:00');

--
-- Triggers `feedback_submissions`
--
DELIMITER $$
CREATE TRIGGER `before_feedback_submission_insert` BEFORE INSERT ON `feedback_submissions` FOR EACH ROW BEGIN
    -- Check if student has already submitted feedback for the academic year
    IF EXISTS (
        SELECT 1 FROM feedback_submissions 
        WHERE student_email = NEW.student_email 
        AND academic_year = NEW.academic_year
    ) THEN
        SIGNAL SQLSTATE '45000'
        SET MESSAGE_TEXT = 'Student has already submitted feedback for this academic year';
    END IF;
END
$$
DELIMITER ;

-- --------------------------------------------------------

--
-- Table structure for table `feedback_text`
--

CREATE TABLE `feedback_text` (
  `id` int(11) NOT NULL,
  `submission_id` int(11) NOT NULL,
  `question_id` int(11) NOT NULL,
  `response` text NOT NULL,
  `created_at` timestamp NOT NULL DEFAULT current_timestamp()
) ENGINE=InnoDB DEFAULT CHARSET=utf8mb4 COLLATE=utf8mb4_general_ci;

-- --------------------------------------------------------

--
-- Table structure for table `feedback_text_responses`
--

CREATE TABLE `feedback_text_responses` (
  `id` int(11) NOT NULL,
  `submission_id` int(11) NOT NULL,
  `question_id` int(11) NOT NULL,
  `response` text NOT NULL,
  `created_at` timestamp NOT NULL DEFAULT current_timestamp()
) ENGINE=InnoDB DEFAULT CHARSET=utf8mb4 COLLATE=utf8mb4_general_ci;

--
-- Dumping data for table `feedback_text_responses`
--

INSERT INTO `feedback_text_responses` (`id`, `submission_id`, `question_id`, `response`, `created_at`) VALUES
(57, 33, 38, 'No', '2025-06-14 02:10:27'),
(58, 33, 39, 'NO', '2025-06-14 02:10:27'),
(59, 33, 40, 'No', '2025-06-14 02:10:27'),
(60, 33, 41, 'NO', '2025-06-14 02:10:27'),
(61, 34, 38, 'No\r\n', '2025-07-17 09:04:06'),
(62, 34, 39, 'No', '2025-07-17 09:04:06'),
(63, 34, 40, 'No', '2025-07-17 09:04:06'),
(64, 34, 41, 'No', '2025-07-17 09:04:06'),
(65, 35, 38, 'No', '2025-07-17 09:11:40'),
(66, 35, 39, 'No', '2025-07-17 09:11:40'),
(67, 35, 40, 'No', '2025-07-17 09:11:40'),
(68, 35, 41, 'No', '2025-07-17 09:11:40'),
(69, 36, 38, 'No', '2025-07-17 09:19:57'),
(70, 36, 39, 'No', '2025-07-17 09:19:57'),
(71, 36, 40, 'No', '2025-07-17 09:19:57'),
(72, 36, 41, 'No', '2025-07-17 09:19:57'),
(73, 37, 38, 'NO', '2025-07-17 17:10:06'),
(74, 37, 39, 'NO', '2025-07-17 17:10:06'),
(75, 37, 40, 'NO', '2025-07-17 17:10:06'),
(76, 37, 41, 'NO', '2025-07-17 17:10:06');

-- --------------------------------------------------------

--
-- Table structure for table `questions`
--

CREATE TABLE `questions` (
  `id` int(11) NOT NULL,
  `question_text` text NOT NULL,
  `category` enum('theory','practical','general') NOT NULL,
  `question_type` enum('rating','text','multiple_choice') NOT NULL,
  `is_required` tinyint(1) DEFAULT 1,
  `is_active` tinyint(1) DEFAULT 1,
  `created_at` timestamp NOT NULL DEFAULT current_timestamp()
) ENGINE=InnoDB DEFAULT CHARSET=utf8mb4 COLLATE=utf8mb4_general_ci;

--
-- Dumping data for table `questions`
--

INSERT INTO `questions` (`id`, `question_text`, `category`, `question_type`, `is_required`, `is_active`, `created_at`) VALUES
(15, 'How many lectures were conducted?', 'theory', 'rating', 1, 1, '2025-06-13 06:31:17'),
(16, 'How much is the syllabus coverage?', 'theory', 'rating', 1, 1, '2025-06-13 06:31:29'),
(17, 'Whether the lectures were organized as per time table and regularly held during the semester?', 'theory', 'rating', 1, 1, '2025-06-13 06:31:44'),
(18, 'Whether the lectures were well prepared, organized and course material is well structured?', 'theory', 'rating', 1, 1, '2025-06-13 06:31:59'),
(19, 'Was the Blackboard writing clear and organized?', 'theory', 'rating', 1, 1, '2025-06-13 06:32:15'),
(20, 'Were any Audio-Visual Aids used?', 'theory', 'rating', 1, 1, '2025-06-13 06:32:30'),
(21, 'Were the lectures delivered with emphasis of fundamental concepts and with illustrative examples?', 'theory', 'rating', 1, 1, '2025-06-13 06:32:42'),
(22, 'Whether difficult topics were taught with adequate attention and ease?', 'theory', 'rating', 1, 1, '2025-06-13 06:32:54'),
(23, 'Did the faculty provide you new knowledge and has command over the subject?', 'theory', 'rating', 1, 1, '2025-06-13 06:33:08'),
(24, 'Was the instructor enthusiastic about teaching?', 'theory', 'rating', 1, 1, '2025-06-13 06:33:23'),
(25, 'Was the instructor able to deliver lectures with good communication skill?', 'theory', 'rating', 1, 1, '2025-06-13 06:33:50'),
(26, 'Were you encouraged to ask questions, to make lectures interactive and lively?', 'theory', 'rating', 1, 1, '2025-06-13 06:34:01'),
(27, 'Did the course improve your understanding of concepts, principles in this field and motivated you to think and learn?', 'theory', 'rating', 1, 1, '2025-06-13 06:34:09'),
(28, 'Were his assignments and tests challenging (with new & novel problem solving approach)?', 'theory', 'rating', 1, 1, '2025-06-13 06:34:21'),
(29, 'Whether the teacher was effective in preparing students for exams?', 'theory', 'rating', 1, 1, '2025-06-13 06:34:30'),
(30, 'Whether teacher was always accessible to the students for counseling, guidance and solving queries off the classroom hours?', 'theory', 'rating', 1, 1, '2025-06-13 06:34:47'),
(31, 'Was the selection of experiment commensurate with the theory?', 'practical', 'rating', 1, 1, '2025-06-13 06:35:24'),
(32, 'Whether experimental set-up was well maintained, fully operational & adequate?', 'practical', 'rating', 1, 1, '2025-06-13 06:36:34'),
(33, 'b) Whether teacher helped you in understanding the experimental observations / outcome and explaining the difficulties raised while performing the experiment?', 'practical', 'rating', 1, 1, '2025-06-13 06:36:43'),
(34, 'Was the experiment leading towards proper conclusions / interpretations?', 'practical', 'rating', 1, 1, '2025-06-13 06:37:07'),
(35, 'Whether the experiment could trigger you for any creative idea?', 'practical', 'rating', 1, 1, '2025-06-13 06:37:22'),
(36, 'Whether the entire lab session was useful in clarifying your knowledge of the theory?', 'practical', 'rating', 1, 1, '2025-06-13 06:37:37'),
(37, 'Whether you are confident with the use of the concepts, instruments and their application in further studies?', 'practical', 'rating', 1, 1, '2025-06-13 06:37:46'),
(38, 'What are your major suggestions for improvement:', 'general', 'text', 1, 1, '2025-06-13 06:38:39'),
(39, 'What are the things you like about your institute and what would you like to improve upon?', 'general', 'text', 1, 1, '2025-06-13 06:38:53'),
(40, 'Things you would like to improve upon:', 'general', 'text', 1, 1, '2025-06-13 06:39:07'),
(41, 'What are the subjects in your opinion should be added in the syllabus of the current academic year?', 'general', 'text', 1, 1, '2025-06-13 06:39:20');

-- --------------------------------------------------------

--
-- Table structure for table `settings`
--

CREATE TABLE `settings` (
  `id` int(11) NOT NULL,
  `site_title` varchar(100) NOT NULL DEFAULT 'MGM College Feedback System',
  `feedback_active` tinyint(1) DEFAULT 1,
  `maintenance_mode` tinyint(1) DEFAULT 0,
  `created_at` timestamp NOT NULL DEFAULT current_timestamp(),
  `updated_at` timestamp NOT NULL DEFAULT current_timestamp() ON UPDATE current_timestamp()
) ENGINE=InnoDB DEFAULT CHARSET=utf8mb4 COLLATE=utf8mb4_general_ci;

--
-- Dumping data for table `settings`
--

INSERT INTO `settings` (`id`, `site_title`, `feedback_active`, `maintenance_mode`, `created_at`, `updated_at`) VALUES
(1, 'MGM College Feedback System', 1, 0, '2025-06-01 13:01:39', '2025-06-01 13:01:39');

-- --------------------------------------------------------

--
-- Table structure for table `students`
--

CREATE TABLE `students` (
  `id` int(11) NOT NULL,
  `email` varchar(100) NOT NULL,
  `roll_number` varchar(50) NOT NULL,
  `password` varchar(255) NOT NULL,
  `full_name` varchar(100) NOT NULL,
  `class_id` int(11) DEFAULT NULL,
  `is_active` tinyint(1) DEFAULT 1,
  `created_at` timestamp NOT NULL DEFAULT current_timestamp()
) ENGINE=InnoDB DEFAULT CHARSET=utf8mb4 COLLATE=utf8mb4_general_ci;

--
-- Dumping data for table `students`
--

INSERT INTO `students` (`id`, `email`, `roll_number`, `password`, `full_name`, `class_id`, `is_active`, `created_at`) VALUES
(82, 's22_siddiqui_talatunnisa@mgmcen.ac.in', '101', '$2b$12$wPmG9gorOUiUK0xXqQUhHeSX/UfFdNsDlCvF0fVMdfOStqgT1v9Ze', 'Siddiqui Talatunnisa Ameenuddin', 9, 1, '2025-06-14 02:05:03'),
(83, 's22_tarode_pruthviraj@mgmcen.ac.in', '102', '$2b$12$wPmG9gorOUiUK0xXqQUhHeSX/UfFdNsDlCvF0fVMdfOStqgT1v9Ze', 'Tarode Pruthviraj Shyamrao', 9, 1, '2025-06-14 02:05:03'),
(84, 's22_thakur_rajsingh@mgmcen.ac.in', '103', '$2b$12$wPmG9gorOUiUK0xXqQUhHeSX/UfFdNsDlCvF0fVMdfOStqgT1v9Ze', 'Thakur Rajsingh Ganeshsingh', 9, 1, '2025-06-14 02:05:03'),
(85, 's22_savandkar_snehal@mgmcen.ac.in', '104', '$2b$12$wPmG9gorOUiUK0xXqQUhHeSX/UfFdNsDlCvF0fVMdfOStqgT1v9Ze', 'Savandkar Snehal Ravindra', 9, 1, '2025-06-14 02:05:03'),
(86, 's22_unhale_chinmay@mgmcen.ac.in', '105', '$2b$12$wPmG9gorOUiUK0xXqQUhHeSX/UfFdNsDlCvF0fVMdfOStqgT1v9Ze', 'Unhale Chinmay Shripad', 9, 1, '2025-06-14 02:05:03'),
(87, 's22_opalkar_adarsh@mgmcen.ac.in', '106', '$2b$12$wPmG9gorOUiUK0xXqQUhHeSX/UfFdNsDlCvF0fVMdfOStqgT1v9Ze', 'Opalkar Adarsh Ganesh', 9, 1, '2025-06-14 02:05:03'),
(88, 's22_wasmatkar_aniket@mgmcen.ac.in', '107', '$2b$12$wPmG9gorOUiUK0xXqQUhHeSX/UfFdNsDlCvF0fVMdfOStqgT1v9Ze', 'Wasmatkar Aniket Ashokrao', 9, 1, '2025-06-14 02:05:03'),
(89, 's22_rakhewar_rasika@mgmcen.ac.in', '108', '$2b$12$wPmG9gorOUiUK0xXqQUhHeSX/UfFdNsDlCvF0fVMdfOStqgT1v9Ze', 'Rakhewar Rasika Radheshyam', 9, 1, '2025-06-14 02:05:03'),
(90, 's22_panchal_anuj@mgmcen.ac.in', '109', '$2b$12$wPmG9gorOUiUK0xXqQUhHeSX/UfFdNsDlCvF0fVMdfOStqgT1v9Ze', 'Panchal Anuj Chandrakant', 9, 1, '2025-06-14 02:05:03'),
(91, 's22_panchal_swapnil@mgmcen.ac.in', '110', '$2b$12$wPmG9gorOUiUK0xXqQUhHeSX/UfFdNsDlCvF0fVMdfOStqgT1v9Ze', 'Panchal Swapnil Madhukar', 9, 1, '2025-06-14 02:05:03'),
(92, 's22_khan_mohsin@mgmcen.ac.in', '111', '$2b$12$wPmG9gorOUiUK0xXqQUhHeSX/UfFdNsDlCvF0fVMdfOStqgT1v9Ze', 'Pathan Mohsin Khan Mushtaque Khan', 9, 1, '2025-06-14 02:05:03'),
(93, 's22_mohammed_saeeduddin@mgmcen.ac.in', '112', '$2b$12$wPmG9gorOUiUK0xXqQUhHeSX/UfFdNsDlCvF0fVMdfOStqgT1v9Ze', 'Qazi Mohammed Saeeduddin Mohd Azeemuddin', 9, 1, '2025-06-14 02:05:03'),
(94, 's22_ramdinwar_somesh@mgmcen.ac.in', '113', '$2b$12$wPmG9gorOUiUK0xXqQUhHeSX/UfFdNsDlCvF0fVMdfOStqgT1v9Ze', 'Ramdinwar Somesh Balaji', 9, 1, '2025-06-14 02:05:03'),
(95, 's22_navgire_saloni@mgmcen.ac.in', '114', '$2b$12$wPmG9gorOUiUK0xXqQUhHeSX/UfFdNsDlCvF0fVMdfOStqgT1v9Ze', 'Navgire Saloni Amarnath', 9, 1, '2025-06-14 02:05:03'),
(96, 's22_tarpe_akshay@mgmcen.ac.in', '115', '$2b$12$wPmG9gorOUiUK0xXqQUhHeSX/UfFdNsDlCvF0fVMdfOStqgT1v9Ze', 'Tarpe Akshay Shankar', 9, 1, '2025-06-14 02:05:03'),
(97, 's22_thore_hrishikesh@mgmcen.ac.in', '116', '$2b$12$wPmG9gorOUiUK0xXqQUhHeSX/UfFdNsDlCvF0fVMdfOStqgT1v9Ze', 'Thore Hrishikesh Ashokrao', 9, 1, '2025-06-14 02:05:03'),
(98, 's22_pande_khushbu@mgmcen.ac.in', '117', '$2b$12$wPmG9gorOUiUK0xXqQUhHeSX/UfFdNsDlCvF0fVMdfOStqgT1v9Ze', 'Pande Khushbu Dinesh', 9, 1, '2025-06-14 02:05:03'),
(99, 's22_pande_sanskruti@mgmcen.ac.in', '118', '$2b$12$wPmG9gorOUiUK0xXqQUhHeSX/UfFdNsDlCvF0fVMdfOStqgT1v9Ze', 'Pande Sanskruti Suhasrao', 9, 1, '2025-06-14 02:05:04'),
(100, 's22_pimple_shruti@mgmcen.ac.in', '119', '$2b$12$wPmG9gorOUiUK0xXqQUhHeSX/UfFdNsDlCvF0fVMdfOStqgT1v9Ze', 'Pimple Shruti Prashant', 9, 1, '2025-06-14 02:05:04'),
(101, 's22_sarje_rutika@mgmcen.ac.in', '120', '$2b$12$wPmG9gorOUiUK0xXqQUhHeSX/UfFdNsDlCvF0fVMdfOStqgT1v9Ze', 'Sarje Rutika Bhagwanrao', 9, 1, '2025-06-14 02:05:04'),
(102, 's22_suryawanshi_padmaja@mgmcen.ac.in', '121', '$2b$12$wPmG9gorOUiUK0xXqQUhHeSX/UfFdNsDlCvF0fVMdfOStqgT1v9Ze', 'Suryawanshi Padmaja Pandurang', 9, 1, '2025-06-14 02:05:04'),
(103, 's22_waghmare_prajakta@mgmcen.ac.in', '122', '$2b$12$wPmG9gorOUiUK0xXqQUhHeSX/UfFdNsDlCvF0fVMdfOStqgT1v9Ze', 'Waghmare Prajakta Sunil', 9, 1, '2025-06-14 02:05:04'),
(104, 's22_waghamare_shejal@mgmcen.ac.in', '123', '$2b$12$wPmG9gorOUiUK0xXqQUhHeSX/UfFdNsDlCvF0fVMdfOStqgT1v9Ze', 'Waghmare Shejal Dattatray', 9, 1, '2025-06-14 02:05:04'),
(105, 's22_patharkar_roshani@mgmcen.ac.in', '124', '$2b$12$wPmG9gorOUiUK0xXqQUhHeSX/UfFdNsDlCvF0fVMdfOStqgT1v9Ze', 'Patharkar Roshani Sachin', 9, 1, '2025-06-14 02:05:04'),
(106, 's22_patil_amruta@mgmcen.ac.in', '125', '$2b$12$wPmG9gorOUiUK0xXqQUhHeSX/UfFdNsDlCvF0fVMdfOStqgT1v9Ze', 'Patil Amruta Amol', 9, 1, '2025-06-14 02:05:04'),
(107, 's22_raiphale_rutuja@mgmcen.ac.in', '126', '$2b$12$wPmG9gorOUiUK0xXqQUhHeSX/UfFdNsDlCvF0fVMdfOStqgT1v9Ze', 'Raiphale Rutuja Vishwanath', 9, 1, '2025-06-14 02:05:04'),
(108, 's22_tammewar_umagauri@mgmcen.ac.in', '127', '$2b$12$wPmG9gorOUiUK0xXqQUhHeSX/UfFdNsDlCvF0fVMdfOStqgT1v9Ze', 'Tammewar Umagauri Surendra', 9, 1, '2025-06-14 02:05:04'),
(109, 's22_bidwai_mansi@mgmcen.ac.in', '128', '$2b$12$wPmG9gorOUiUK0xXqQUhHeSX/UfFdNsDlCvF0fVMdfOStqgT1v9Ze', 'Bidwai Mansi Dnyaneshwar', 9, 1, '2025-06-14 02:05:04'),
(110, 's22_tak_sakshi@mgmcen.ac.in', '129', '$2b$12$wPmG9gorOUiUK0xXqQUhHeSX/UfFdNsDlCvF0fVMdfOStqgT1v9Ze', 'Tak Sakshi Jitendra', 9, 1, '2025-06-14 02:05:04'),
(111, 's22_pattewar_shweta@mgmcen.ac.in', '130', '$2b$12$wPmG9gorOUiUK0xXqQUhHeSX/UfFdNsDlCvF0fVMdfOStqgT1v9Ze', 'Pattewar Shweta Ratnakar', 9, 1, '2025-06-14 02:05:04'),
(112, 's22_rajwade_swarangi@mgmcen.ac.in', '131', '$2b$12$wPmG9gorOUiUK0xXqQUhHeSX/UfFdNsDlCvF0fVMdfOStqgT1v9Ze', 'Rajwade Swarangi Rajesh', 9, 1, '2025-06-14 02:05:04'),
(113, 's22_tidke_shubham@mgmcen.ac.in', '132', '$2b$12$wPmG9gorOUiUK0xXqQUhHeSX/UfFdNsDlCvF0fVMdfOStqgT1v9Ze', 'Tidke Shubham Sudamrao', 9, 1, '2025-06-14 02:05:04'),
(114, 's22_suryawanshi_rohan@mgmcen.ac.in', '133', '$2b$12$wPmG9gorOUiUK0xXqQUhHeSX/UfFdNsDlCvF0fVMdfOStqgT1v9Ze', 'Suryawanshi Rohan Ramrao', 9, 1, '2025-06-14 02:05:04'),
(115, 's22_tayde_swaroop@mgmcen.ac.in', '134', '$2b$12$wPmG9gorOUiUK0xXqQUhHeSX/UfFdNsDlCvF0fVMdfOStqgT1v9Ze', 'Tayde Swaroop Sanjay', 9, 1, '2025-06-14 02:05:04'),
(116, 's22_shaikh_aman@mgmcen.ac.in', '135', '$2b$12$wPmG9gorOUiUK0xXqQUhHeSX/UfFdNsDlCvF0fVMdfOStqgT1v9Ze', 'Shaikh Aman Isakh', 9, 1, '2025-06-14 02:05:04'),
(117, 's22_kanuje_aditya@mgmcen.ac.in', '136', '$2b$12$wPmG9gorOUiUK0xXqQUhHeSX/UfFdNsDlCvF0fVMdfOStqgT1v9Ze', 'Kanuje Aditya Asaraji', 9, 1, '2025-06-14 02:05:04'),
(118, 's22_vyawahare_onkar@mgmcen.ac.in', '137', '$2b$12$wPmG9gorOUiUK0xXqQUhHeSX/UfFdNsDlCvF0fVMdfOStqgT1v9Ze', 'Vyawahare Onkar Jeevan', 9, 1, '2025-06-14 02:05:04'),
(119, 's22_kulkarni_aditya@mgmcen.ac.in', '138', '$2b$12$wPmG9gorOUiUK0xXqQUhHeSX/UfFdNsDlCvF0fVMdfOStqgT1v9Ze', 'Kulkarni Aditya Nandkishor', 9, 1, '2025-06-14 02:05:04'),
(120, 's22_modi_satyam@mgmcen.ac.in', '139', '$2b$12$wPmG9gorOUiUK0xXqQUhHeSX/UfFdNsDlCvF0fVMdfOStqgT1v9Ze', 'Modi Satyam Santosh', 9, 1, '2025-06-14 02:05:04'),
(121, 's22_siddiqui_moizuddin@mgmcen.ac.in', '140', '$2b$12$wPmG9gorOUiUK0xXqQUhHeSX/UfFdNsDlCvF0fVMdfOStqgT1v9Ze', 'Siddiqui Moizuddin Iqbal Mohiuddin', 9, 1, '2025-06-14 02:05:04'),
(122, 's22_patil_sidram@mgmcen.ac.in', '141', '$2b$12$wPmG9gorOUiUK0xXqQUhHeSX/UfFdNsDlCvF0fVMdfOStqgT1v9Ze', 'Patil Sidram Bajrang', 9, 1, '2025-06-14 02:05:04'),
(123, 's22_jadhav_shubhangi@mgmcen.ac.in', '142', '$2b$12$wPmG9gorOUiUK0xXqQUhHeSX/UfFdNsDlCvF0fVMdfOStqgT1v9Ze', 'Jadhav Shubhangi Ratan', 9, 1, '2025-06-14 02:05:04'),
(124, 's22_kshirsagar_shambhavi@mgmcen.ac.in', '143', '$2b$12$wPmG9gorOUiUK0xXqQUhHeSX/UfFdNsDlCvF0fVMdfOStqgT1v9Ze', 'Kshirsagar Shambhavi Shailendra', 9, 1, '2025-06-14 02:05:04'),
(125, 's22_bokare_om@mgmcen.ac.in', '144', '$2b$12$wPmG9gorOUiUK0xXqQUhHeSX/UfFdNsDlCvF0fVMdfOStqgT1v9Ze', 'Bokare Om Pandurang', 9, 1, '2025-06-14 02:05:04'),
(126, 's22_shinde_vishnukant@mgmcen.ac.in', '145', '$2b$12$wPmG9gorOUiUK0xXqQUhHeSX/UfFdNsDlCvF0fVMdfOStqgT1v9Ze', 'Shinde Vishnukant Vitthalrao', 9, 1, '2025-06-14 02:05:04'),
(127, 's22_syed_moaquib@mgmcen.ac.in', '146', '$2b$12$wPmG9gorOUiUK0xXqQUhHeSX/UfFdNsDlCvF0fVMdfOStqgT1v9Ze', 'Syed Moaquib Ali Syed Atique Ali', 9, 1, '2025-06-14 02:05:04'),
(128, 's22_kadam_vedant@mgmcen.ac.in', '147', '$2b$12$wPmG9gorOUiUK0xXqQUhHeSX/UfFdNsDlCvF0fVMdfOStqgT1v9Ze', 'Kadam Vedant Rangnath', 9, 1, '2025-06-14 02:05:04'),
(129, 's22_chavhan_gaurav@mgmcen.ac.in', '148', '$2b$12$wPmG9gorOUiUK0xXqQUhHeSX/UfFdNsDlCvF0fVMdfOStqgT1v9Ze', 'Chavhan Gaurav Vijay', 9, 1, '2025-06-14 02:05:04'),
(130, 's22_kadam_sakshi@mgmcen.ac.in', '149', '$2b$12$wPmG9gorOUiUK0xXqQUhHeSX/UfFdNsDlCvF0fVMdfOStqgT1v9Ze', 'Kadam Sakshi Shyamsundar', 9, 1, '2025-06-14 02:05:04'),
(131, 's22_kadam_aniket@mgmcen.ac.in', '150', '$2b$12$wPmG9gorOUiUK0xXqQUhHeSX/UfFdNsDlCvF0fVMdfOStqgT1v9Ze', 'Kadam Aniket Prabhakar', 9, 1, '2025-06-14 02:05:04'),
(132, 's22_kadam_sushilkumar@mgmcen.ac.in', '151', '$2b$12$wPmG9gorOUiUK0xXqQUhHeSX/UfFdNsDlCvF0fVMdfOStqgT1v9Ze', 'Kadam Sushilkumar Sudhakar', 9, 1, '2025-06-14 02:05:04'),
(133, 's22_sharma_prakruti@mgmcen.ac.in', '152', '$2b$12$wPmG9gorOUiUK0xXqQUhHeSX/UfFdNsDlCvF0fVMdfOStqgT1v9Ze', 'Sharma Prakruti Shyamsunder', 9, 1, '2025-06-14 02:05:04'),
(134, 's22_chavan_satyajit@mgmcen.ac.in', '153', '$2b$12$wPmG9gorOUiUK0xXqQUhHeSX/UfFdNsDlCvF0fVMdfOStqgT1v9Ze', 'Chavan Satyajit Sudhakar', 9, 1, '2025-06-14 02:05:04'),
(135, 's22_borgaonkar_akanksha@mgmcen.ac.in', '154', '$2b$12$wPmG9gorOUiUK0xXqQUhHeSX/UfFdNsDlCvF0fVMdfOStqgT1v9Ze', 'Borgaonkar Akanksha Pandurangrao', 9, 1, '2025-06-14 02:05:04'),
(136, 's22_deshmukh_vaishnavishriram@mgmcen.ac.in', '155', '$2b$12$wPmG9gorOUiUK0xXqQUhHeSX/UfFdNsDlCvF0fVMdfOStqgT1v9Ze', 'Deshmukh Vaishnavi Shriram', 9, 1, '2025-06-14 02:05:04'),
(137, 's22_kokare_suraj@mgmcen.ac.in', '156', '$2b$12$wPmG9gorOUiUK0xXqQUhHeSX/UfFdNsDlCvF0fVMdfOStqgT1v9Ze', 'Kokare Suraj Datta', 9, 1, '2025-06-14 02:05:04'),
(138, 's22_yerawar_nakshatra@mgmcen.ac.in', '157', '$2b$12$wPmG9gorOUiUK0xXqQUhHeSX/UfFdNsDlCvF0fVMdfOStqgT1v9Ze', 'Yerawar Nakshatra Vinod', 9, 1, '2025-06-14 02:05:04'),
(139, 's22_bandurkar_shradha@mgmcen.ac.in', '158', '$2b$12$wPmG9gorOUiUK0xXqQUhHeSX/UfFdNsDlCvF0fVMdfOStqgT1v9Ze', 'Bandurkar Shradha Ramkrushna', 9, 1, '2025-06-14 02:05:04'),
(140, 's22_biyani_ishita@mgmcen.ac.in', '159', '$2b$12$wPmG9gorOUiUK0xXqQUhHeSX/UfFdNsDlCvF0fVMdfOStqgT1v9Ze', 'Biyani Ishita Ishwar', 9, 1, '2025-06-14 02:05:04'),
(141, 's22_chintawar_ishwari@mgmcen.ac.in', '160', '$2b$12$wPmG9gorOUiUK0xXqQUhHeSX/UfFdNsDlCvF0fVMdfOStqgT1v9Ze', 'Chintawar Ishwari Prashant', 9, 1, '2025-06-14 02:05:04'),
(142, 's22_chidrawar_shruti@mgmcen.ac.in', '161', '$2b$12$wPmG9gorOUiUK0xXqQUhHeSX/UfFdNsDlCvF0fVMdfOStqgT1v9Ze', 'Chidrawar Shruti Ramesh', 9, 1, '2025-06-14 02:05:04'),
(143, 's22_baheti_shivani@mgmcen.ac.in', '162', '$2b$12$wPmG9gorOUiUK0xXqQUhHeSX/UfFdNsDlCvF0fVMdfOStqgT1v9Ze', 'Baheti Shivani Dinesh', 9, 1, '2025-06-14 02:05:04'),
(144, 's22_aswani_kashish@mgmcen.ac.in', '163', '$2b$12$wPmG9gorOUiUK0xXqQUhHeSX/UfFdNsDlCvF0fVMdfOStqgT1v9Ze', 'Aswani Kashish Sunil', 9, 1, '2025-06-14 02:05:05'),
(145, 's22_bande_shivani@mgmcen.ac.in', '164', '$2b$12$wPmG9gorOUiUK0xXqQUhHeSX/UfFdNsDlCvF0fVMdfOStqgT1v9Ze', 'Bande Shivani Chandrakant', 9, 1, '2025-06-14 02:05:05'),
(146, 's22_lalwani_tanya@mgmcen.ac.in', '165', '$2b$12$wPmG9gorOUiUK0xXqQUhHeSX/UfFdNsDlCvF0fVMdfOStqgT1v9Ze', 'Lalwani Tanya Kishor', 9, 1, '2025-06-14 02:05:05'),
(147, 's22_kawtikwar_vasavi@mgmcen.ac.in', '166', '$2b$12$wPmG9gorOUiUK0xXqQUhHeSX/UfFdNsDlCvF0fVMdfOStqgT1v9Ze', 'Kawtikwar Vasavi Laxmikant', 9, 1, '2025-06-14 02:05:05'),
(148, 's22_hasewad_tushar@mgmcen.ac.in', '167', '$2b$12$wPmG9gorOUiUK0xXqQUhHeSX/UfFdNsDlCvF0fVMdfOStqgT1v9Ze', 'Hasewad Tushar Vitthal', 9, 1, '2025-06-14 02:05:05'),
(149, 's22_ambat_shreya@mgmcen.ac.in', '168', '$2b$12$wPmG9gorOUiUK0xXqQUhHeSX/UfFdNsDlCvF0fVMdfOStqgT1v9Ze', 'Ambat Shreya Janardhan', 9, 1, '2025-06-14 02:05:05'),
(150, 's22_khandalkar_khushi@mgmcen.ac.in', '169', '$2b$12$wPmG9gorOUiUK0xXqQUhHeSX/UfFdNsDlCvF0fVMdfOStqgT1v9Ze', 'Khandalkar Khushi Kishor', 9, 1, '2025-06-14 02:05:05'),
(151, 's22_karodkar_vedant@mgmcen.ac.in', '170', '$2b$12$wPmG9gorOUiUK0xXqQUhHeSX/UfFdNsDlCvF0fVMdfOStqgT1v9Ze', 'Karodkar Vedant Naresh', 9, 1, '2025-06-14 02:05:05'),
(152, 's22_bande_shubham@mgmcen.ac.in', '171', '$2b$12$wPmG9gorOUiUK0xXqQUhHeSX/UfFdNsDlCvF0fVMdfOStqgT1v9Ze', 'Bande Shubham Uddhavrao', 9, 1, '2025-06-14 02:05:05'),
(153, 's22_dubbewar_aditya@mgmcen.ac.in', '172', '$2b$12$wPmG9gorOUiUK0xXqQUhHeSX/UfFdNsDlCvF0fVMdfOStqgT1v9Ze', 'Dubbewar Aditya Gajanan', 9, 1, '2025-06-14 02:05:05'),
(154, 's22_bargal_shailesh@mgmcen.ac.in', '173', '$2b$12$wPmG9gorOUiUK0xXqQUhHeSX/UfFdNsDlCvF0fVMdfOStqgT1v9Ze', 'Bargal Shailesh Parappa', 9, 1, '2025-06-14 02:05:05'),
(155, 's22_gurram_vaishnavi@mgmcen.ac.in', '174', '$2b$12$wPmG9gorOUiUK0xXqQUhHeSX/UfFdNsDlCvF0fVMdfOStqgT1v9Ze', 'Gurram Vaishnavi Vinaykumar', 9, 1, '2025-06-14 02:05:05'),
(156, 's22_kunturwar_shubham@mgmcen.ac.in', '175', '$2b$12$wPmG9gorOUiUK0xXqQUhHeSX/UfFdNsDlCvF0fVMdfOStqgT1v9Ze', 'Kunturwar Shubham Ajay', 9, 1, '2025-06-14 02:05:05'),
(157, 's22_londhe_suhani@mgmcen.ac.in', '176', '$2b$12$wPmG9gorOUiUK0xXqQUhHeSX/UfFdNsDlCvF0fVMdfOStqgT1v9Ze', 'Londhe Suhani Shahaji', 9, 1, '2025-06-14 02:05:05'),
(158, 's22_narwade_mayur@mgmcen.ac.in', '177', '$2b$12$wPmG9gorOUiUK0xXqQUhHeSX/UfFdNsDlCvF0fVMdfOStqgT1v9Ze', 'Narwade Mayur Ukandji', 9, 1, '2025-06-14 02:05:05'),
(159, 's22_choudante_apurwa@mgmcen.ac.in', '178', '$2b$12$wPmG9gorOUiUK0xXqQUhHeSX/UfFdNsDlCvF0fVMdfOStqgT1v9Ze', 'Choudante Apurwa Sudhir', 9, 1, '2025-06-14 02:05:05'),
(160, 's21_sangewar_aarti@mgmcen.ac.in', '179', '$2b$12$wPmG9gorOUiUK0xXqQUhHeSX/UfFdNsDlCvF0fVMdfOStqgT1v9Ze', 'Sangewar Aarti Kisan', 9, 1, '2025-06-14 02:05:05'),
(161, 's21_jadhav_atul@mgmcen.ac.in', '180', '$2b$12$wPmG9gorOUiUK0xXqQUhHeSX/UfFdNsDlCvF0fVMdfOStqgT1v9Ze', 'Jadhav Atul Subhash', 9, 1, '2025-06-14 02:05:05');

-- --------------------------------------------------------

--
-- Table structure for table `teachers`
--

CREATE TABLE `teachers` (
  `id` int(11) NOT NULL,
  `name` varchar(100) NOT NULL,
  `email` varchar(100) DEFAULT NULL,
  `department` varchar(100) DEFAULT NULL,
  `designation` varchar(100) DEFAULT NULL,
  `created_at` timestamp NOT NULL DEFAULT current_timestamp()
) ENGINE=InnoDB DEFAULT CHARSET=utf8mb4 COLLATE=utf8mb4_general_ci;

--
-- Dumping data for table `teachers`
--

INSERT INTO `teachers` (`id`, `name`, `email`, `department`, `designation`, `created_at`) VALUES
(12, 'Dr. A. M. Rajurkar', '123@gmail.com', 'Computer Science', 'Prof', '2025-06-13 17:18:42'),
(13, 'Ms. N. S. Pande', '123@gmail.com', 'Computer Science', 'Prof', '2025-06-13 17:19:28'),
(15, 'Mr. S. G. Salve', '123@gmail.com', 'Computer Science', 'Prof', '2025-06-13 17:20:37'),
(16, 'Ms. N. L. Pariyal', '123@gmail.com', 'Computer Science', 'Prof', '2025-06-13 17:21:09'),
(17, 'Mr. M. R. Chennoji', '123@gmail.com', 'Computer Science', 'Prof', '2025-06-13 17:21:44'),
(18, 'Dr. S. Y. Gaikwad', '123@gmail.com', 'Computer Science', 'Prof', '2025-06-13 17:22:22'),
(19, 'Ms. R. S. Dumne', '123@gmail.com', 'Computer Science', 'Prof', '2025-06-13 17:54:43');

--
-- Indexes for dumped tables
--

--
-- Indexes for table `admins`
--
ALTER TABLE `admins`
  ADD PRIMARY KEY (`id`),
  ADD UNIQUE KEY `username` (`username`),
  ADD UNIQUE KEY `email` (`email`);

--
-- Indexes for table `admin_login_attempts`
--
ALTER TABLE `admin_login_attempts`
  ADD PRIMARY KEY (`id`),
  ADD KEY `idx_ip_address` (`ip_address`),
  ADD KEY `idx_attempt_time` (`attempt_time`);

--
-- Indexes for table `admin_login_logs`
--
ALTER TABLE `admin_login_logs`
  ADD PRIMARY KEY (`id`),
  ADD KEY `idx_admin_id` (`admin_id`),
  ADD KEY `idx_login_time` (`login_time`);

--
-- Indexes for table `admin_users`
--
ALTER TABLE `admin_users`
  ADD PRIMARY KEY (`id`),
  ADD UNIQUE KEY `username` (`username`);

--
-- Indexes for table `classes`
--
ALTER TABLE `classes`
  ADD PRIMARY KEY (`id`),
  ADD UNIQUE KEY `class_name` (`class_name`),
  ADD KEY `idx_class_name` (`class_name`);

--
-- Indexes for table `courses`
--
ALTER TABLE `courses`
  ADD PRIMARY KEY (`id`),
  ADD UNIQUE KEY `course_code` (`course_code`),
  ADD KEY `idx_course_name` (`course_name`);

--
-- Indexes for table `course_teachers`
--
ALTER TABLE `course_teachers`
  ADD PRIMARY KEY (`id`),
  ADD UNIQUE KEY `unique_course_teacher` (`course_id`,`teacher_id`),
  ADD KEY `idx_course_id` (`course_id`),
  ADD KEY `idx_teacher_id` (`teacher_id`);

--
-- Indexes for table `feedback_ratings`
--
ALTER TABLE `feedback_ratings`
  ADD PRIMARY KEY (`id`),
  ADD UNIQUE KEY `unique_rating` (`submission_id`,`course_id`,`question_id`),
  ADD KEY `idx_feedback_ratings_submission` (`submission_id`),
  ADD KEY `idx_feedback_ratings_course` (`course_id`),
  ADD KEY `idx_feedback_ratings_question` (`question_id`);

--
-- Indexes for table `feedback_responses`
--
ALTER TABLE `feedback_responses`
  ADD PRIMARY KEY (`id`),
  ADD KEY `submission_id` (`submission_id`),
  ADD KEY `question_id` (`question_id`);

--
-- Indexes for table `feedback_submissions`
--
ALTER TABLE `feedback_submissions`
  ADD PRIMARY KEY (`id`),
  ADD UNIQUE KEY `unique_submission` (`student_email`,`class_id`,`academic_year`),
  ADD KEY `idx_feedback_submissions_student` (`student_email`),
  ADD KEY `idx_feedback_submissions_class` (`class_id`);

--
-- Indexes for table `feedback_text`
--
ALTER TABLE `feedback_text`
  ADD PRIMARY KEY (`id`),
  ADD KEY `submission_id` (`submission_id`),
  ADD KEY `question_id` (`question_id`);

--
-- Indexes for table `feedback_text_responses`
--
ALTER TABLE `feedback_text_responses`
  ADD PRIMARY KEY (`id`),
  ADD UNIQUE KEY `unique_response` (`submission_id`,`question_id`),
  ADD KEY `idx_feedback_text_submission` (`submission_id`),
  ADD KEY `idx_feedback_text_question` (`question_id`);

--
-- Indexes for table `questions`
--
ALTER TABLE `questions`
  ADD PRIMARY KEY (`id`);

--
-- Indexes for table `settings`
--
ALTER TABLE `settings`
  ADD PRIMARY KEY (`id`);

--
-- Indexes for table `students`
--
ALTER TABLE `students`
  ADD PRIMARY KEY (`id`),
  ADD UNIQUE KEY `email` (`email`),
  ADD KEY `class_id` (`class_id`);

--
-- Indexes for table `teachers`
--
ALTER TABLE `teachers`
  ADD PRIMARY KEY (`id`),
  ADD KEY `idx_name` (`name`);

--
-- AUTO_INCREMENT for dumped tables
--

--
-- AUTO_INCREMENT for table `admins`
--
ALTER TABLE `admins`
  MODIFY `id` int(11) NOT NULL AUTO_INCREMENT, AUTO_INCREMENT=6;

--
-- AUTO_INCREMENT for table `admin_login_attempts`
--
ALTER TABLE `admin_login_attempts`
  MODIFY `id` int(11) NOT NULL AUTO_INCREMENT, AUTO_INCREMENT=36;

--
-- AUTO_INCREMENT for table `admin_login_logs`
--
ALTER TABLE `admin_login_logs`
  MODIFY `id` int(11) NOT NULL AUTO_INCREMENT, AUTO_INCREMENT=50;

--
-- AUTO_INCREMENT for table `admin_users`
--
ALTER TABLE `admin_users`
  MODIFY `id` int(11) NOT NULL AUTO_INCREMENT, AUTO_INCREMENT=4;

--
-- AUTO_INCREMENT for table `classes`
--
ALTER TABLE `classes`
  MODIFY `id` int(11) NOT NULL AUTO_INCREMENT, AUTO_INCREMENT=11;

--
-- AUTO_INCREMENT for table `courses`
--
ALTER TABLE `courses`
  MODIFY `id` int(11) NOT NULL AUTO_INCREMENT, AUTO_INCREMENT=29;

--
-- AUTO_INCREMENT for table `course_teachers`
--
ALTER TABLE `course_teachers`
  MODIFY `id` int(11) NOT NULL AUTO_INCREMENT, AUTO_INCREMENT=23;

--
-- AUTO_INCREMENT for table `feedback_ratings`
--
ALTER TABLE `feedback_ratings`
  MODIFY `id` int(11) NOT NULL AUTO_INCREMENT, AUTO_INCREMENT=1104;

--
-- AUTO_INCREMENT for table `feedback_responses`
--
ALTER TABLE `feedback_responses`
  MODIFY `id` int(11) NOT NULL AUTO_INCREMENT;

--
-- AUTO_INCREMENT for table `feedback_submissions`
--
ALTER TABLE `feedback_submissions`
  MODIFY `id` int(11) NOT NULL AUTO_INCREMENT, AUTO_INCREMENT=38;

--
-- AUTO_INCREMENT for table `feedback_text`
--
ALTER TABLE `feedback_text`
  MODIFY `id` int(11) NOT NULL AUTO_INCREMENT;

--
-- AUTO_INCREMENT for table `feedback_text_responses`
--
ALTER TABLE `feedback_text_responses`
  MODIFY `id` int(11) NOT NULL AUTO_INCREMENT, AUTO_INCREMENT=77;

--
-- AUTO_INCREMENT for table `questions`
--
ALTER TABLE `questions`
  MODIFY `id` int(11) NOT NULL AUTO_INCREMENT, AUTO_INCREMENT=42;

--
-- AUTO_INCREMENT for table `settings`
--
ALTER TABLE `settings`
  MODIFY `id` int(11) NOT NULL AUTO_INCREMENT, AUTO_INCREMENT=2;

--
-- AUTO_INCREMENT for table `students`
--
ALTER TABLE `students`
  MODIFY `id` int(11) NOT NULL AUTO_INCREMENT, AUTO_INCREMENT=232;

--
-- AUTO_INCREMENT for table `teachers`
--
ALTER TABLE `teachers`
  MODIFY `id` int(11) NOT NULL AUTO_INCREMENT, AUTO_INCREMENT=20;

--
-- Constraints for dumped tables
--

--
-- Constraints for table `admin_login_logs`
--
ALTER TABLE `admin_login_logs`
  ADD CONSTRAINT `admin_login_logs_ibfk_1` FOREIGN KEY (`admin_id`) REFERENCES `admins` (`id`);

--
-- Constraints for table `course_teachers`
--
ALTER TABLE `course_teachers`
  ADD CONSTRAINT `course_teachers_ibfk_1` FOREIGN KEY (`course_id`) REFERENCES `courses` (`id`) ON DELETE CASCADE,
  ADD CONSTRAINT `course_teachers_ibfk_2` FOREIGN KEY (`teacher_id`) REFERENCES `teachers` (`id`) ON DELETE CASCADE;

--
-- Constraints for table `feedback_ratings`
--
ALTER TABLE `feedback_ratings`
  ADD CONSTRAINT `feedback_ratings_ibfk_1` FOREIGN KEY (`submission_id`) REFERENCES `feedback_submissions` (`id`) ON DELETE CASCADE,
  ADD CONSTRAINT `feedback_ratings_ibfk_2` FOREIGN KEY (`course_id`) REFERENCES `courses` (`id`),
  ADD CONSTRAINT `feedback_ratings_ibfk_3` FOREIGN KEY (`question_id`) REFERENCES `questions` (`id`);

--
-- Constraints for table `feedback_responses`
--
ALTER TABLE `feedback_responses`
  ADD CONSTRAINT `feedback_responses_ibfk_1` FOREIGN KEY (`submission_id`) REFERENCES `feedback_submissions` (`id`) ON DELETE CASCADE,
  ADD CONSTRAINT `feedback_responses_ibfk_2` FOREIGN KEY (`question_id`) REFERENCES `questions` (`id`) ON DELETE CASCADE;

--
-- Constraints for table `feedback_submissions`
--
ALTER TABLE `feedback_submissions`
  ADD CONSTRAINT `feedback_submissions_ibfk_1` FOREIGN KEY (`class_id`) REFERENCES `classes` (`id`);

--
-- Constraints for table `feedback_text`
--
ALTER TABLE `feedback_text`
  ADD CONSTRAINT `feedback_text_ibfk_1` FOREIGN KEY (`submission_id`) REFERENCES `feedback_submissions` (`id`),
  ADD CONSTRAINT `feedback_text_ibfk_2` FOREIGN KEY (`question_id`) REFERENCES `questions` (`id`);

--
-- Constraints for table `feedback_text_responses`
--
ALTER TABLE `feedback_text_responses`
  ADD CONSTRAINT `feedback_text_responses_ibfk_1` FOREIGN KEY (`submission_id`) REFERENCES `feedback_submissions` (`id`) ON DELETE CASCADE,
  ADD CONSTRAINT `feedback_text_responses_ibfk_2` FOREIGN KEY (`question_id`) REFERENCES `questions` (`id`);

--
-- Constraints for table `students`
--
ALTER TABLE `students`
  ADD CONSTRAINT `students_ibfk_1` FOREIGN KEY (`class_id`) REFERENCES `classes` (`id`) ON DELETE SET NULL;
COMMIT;

/*!40101 SET CHARACTER_SET_CLIENT=@OLD_CHARACTER_SET_CLIENT */;
/*!40101 SET CHARACTER_SET_RESULTS=@OLD_CHARACTER_SET_RESULTS */;
/*!40101 SET COLLATION_CONNECTION=@OLD_COLLATION_CONNECTION */;
